variant,target_months,min_volume,lookback,entry_z,exit_z,side_mode,cost_multiplier,gross_return,cost_return,net_return,ann_return,ann_vol,sharpe,tstat,max_drawdown,mean_spread_exposure,mean_leg_gross_exposure,mean_turnover,active_fraction,event_count,event_win_rate,mean_event_net_return,event_tstat,bars,periods_per_year
target3m_minv10_lb252_entry1p5_exit0p25_both_costx1p0,3,10.0,252,1.5,0.25,both,1.0,0.10059829770117451,0.02548186093365363,0.08127919274187831,0.027111621140612836,0.009928076092833782,2.7308031170492706,4.72827075056929,-0.006480720220838663,0.11634408602150537,0.23268817204301073,0.05548387096774195,0.4860215053763441,127,0.8031496062992126,0.000679391490986024,7.7724300227217675,930,310.2123287671233
target3m_minv10_lb126_entry1p5_exit0p25_both_costx1p0,3,10.0,126,1.5,0.25,both,1.0,0.09922601947721305,0.02434489650530672,0.08003684752263143,0.02669722242706953,0.009458629669558849,2.8225253931857006,4.887084014229299,-0.0067710750249830864,0.13333333333333333,0.26666666666666666,0.058494623655913985,0.5397849462365591,132,0.8333333333333334,0.000647981995728893,7.805289612279049,930,310.2123287671233
target1m_minv10_lb252_entry1p5_exit0p25_both_costx1p0,1,10.0,252,1.5,0.25,both,1.0,0.08704877130985403,0.01446658550350557,0.07510611850993255,0.025052520352285723,0.008792972170333188,2.8491526945588435,4.933188066719639,-0.0049385462374566735,0.06402569593147751,0.12805139186295503,0.04325481798715204,0.28051391862955033,98,0.8979591836734694,0.0007716709410815995,7.415044975739625,934,311.54657534246576
target1m_minv10_lb126_entry1p5_exit0p25_both_costx1p0,1,10.0,126,1.5,0.25,both,1.0,0.07710262673470014,0.01337792386481621,0.06611444511902737,0.022053242995182416,0.008038313616691052,2.7435161212658143,4.750282782712382,-0.00497927707067195,0.046895074946466817,0.09379014989293363,0.04325481798715204,0.20235546038543897,97,0.8762886597938144,0.0007147172906054977,7.207594139849105,934,311.54657534246576
target3m_minv10_lb126_entry2p0_exit0p25_both_costx1p0,3,10.0,126,2.0,0.25,both,1.0,0.07305875413744031,0.012812721295802465,0.06278256748807554,0.020941856415543005,0.00892307165961684,2.346933568887449,4.063616771937171,-0.006742034912217053,0.07548387096774194,0.15096774193548387,0.031827956989247314,0.3473118279569892,74,0.918918918918919,0.0009001125734501148,6.87089994588615,930,310.2123287671233
target3m_minv10_lb252_entry2p0_exit0p25_both_costx1p0,3,10.0,252,2.0,0.25,both,1.0,0.07156064302334451,0.013654692502607643,0.06100160056011161,0.020347794159434492,0.008945365643394026,2.2746743923722037,3.938503046731512,-0.006408811345149256,0.07763440860215053,0.15526881720430105,0.031397849462365596,0.35591397849462364,73,0.821917808219178,0.0008833449194797803,6.433538466022475,930,310.2123287671233
target1m_minv10_lb252_entry1p5_exit0p25_both_costx3p0,1,10.0,252,1.5,0.25,both,3.0,0.08704877130985403,0.0433997565105167,0.05122081291008958,0.017085298552886045,0.008226861931519966,2.0767698175930644,3.595839598572289,-0.005729778570134457,0.06402569593147751,0.12805139186295503,0.04325481798715204,0.28051391862955033,98,0.826530612244898,0.0006185051613494466,6.2118967176274955,934,311.54657534246576
target1m_minv10_lb126_entry2p0_exit0p25_both_costx1p0,1,10.0,126,2.0,0.25,both,1.0,0.05775245710844047,0.00810444421828456,0.051176750147021555,0.017070600905205135,0.007558018219720551,2.2586080648316167,3.910684876280137,-0.004938546237456674,0.022483940042826552,0.044967880085653104,0.023982869379014986,0.10278372591006424,54,0.9259259259259259,0.0009950469346279268,6.4168227089682865,934,311.54657534246576
target3m_minv10_lb252_entry1p5_exit0p25_contango_only_costx1p0,3,10.0,252,1.5,0.25,contango_only,1.0,0.06406564803800865,0.017690423514757914,0.05083475888888572,0.01695652573896394,0.006869357549884296,2.4684296334596154,4.273982098107804,-0.002437703788244365,0.06946236559139785,0.1389247311827957,0.02967741935483871,0.3161290322580645,69,0.855072463768116,0.0007973243722441094,6.544954847037924,930,310.2123287671233
target6m_minv10_lb126_entry1p5_exit0p25_both_costx1p0,6,10.0,126,1.5,0.25,both,1.0,0.055563922238352687,0.008428967125990242,0.05044192440865759,0.016856278948089835,0.007816863810964945,2.1563992101851692,3.7303031995796716,-0.003622355312385861,0.03174971031286211,0.06349942062572422,0.03198146002317498,0.14716106604866744,68,0.8088235294117647,0.0007148088109309982,5.25958855540894,863,288.39043915828
target1m_minv10_lb252_entry2p0_exit0p25_both_costx1p0,1,10.0,252,2.0,0.25,both,1.0,0.05642272339216053,0.007927612689393515,0.049923384508332856,0.016652526202437054,0.007664033682939587,2.172814850684461,3.7621375341020427,-0.004938546237456674,0.02762312633832976,0.05524625267665952,0.023982869379014986,0.12633832976445397,55,0.8909090909090909,0.0009312769491645034,5.748388220052672,934,311.54657534246576
target1m_minv500_lb126_entry1p5_exit0p25_both_costx1p0,1,500.0,126,1.5,0.25,both,1.0,0.06544606055960396,0.020342791075323274,0.04660817617563364,0.015575147619533566,0.007034428721973009,2.2141311306321785,3.830172262109548,-0.0070969001449745,0.2012406947890819,0.4024813895781638,0.07220843672456576,0.6240694789081885,134,0.8880597014925373,0.0003740892892884427,5.960685107066645,806,269.3426349496798
target1m_minv10_lb126_entry1p5_exit0p25_both_costx3p0,1,10.0,126,1.5,0.25,both,3.0,0.07710262673470014,0.04013377159444863,0.04413808188768182,0.014722771150206197,0.007549255030597666,1.950228345781638,3.3767383619564235,-0.005364992994705487,0.046895074946466817,0.09379014989293363,0.04325481798715204,0.20235546038543897,97,0.8247422680412371,0.0005717946651709448,6.00440156865601,934,311.54657534246576
target6m_minv10_lb252_entry1p5_exit0p25_both_costx1p0,6,10.0,252,1.5,0.25,both,1.0,0.04857368856179539,0.007860912948206103,0.04399818124669782,0.014702960384589552,0.008435905149650208,1.742902524834482,3.015005215285379,-0.00602747007600438,0.03545770567786791,0.07091541135573581,0.031517960602549244,0.17149478563151796,67,0.746268656716418,0.0006253849635170544,4.247746520622005,863,288.39043915828
target3m_minv10_lb126_entry1p5_exit0p25_contango_only_costx1p0,3,10.0,126,1.5,0.25,contango_only,1.0,0.055229516276135884,0.014787106650610763,0.043800015607318145,0.014610005206002698,0.006200249885911362,2.3563574815267625,4.07993388034026,-0.002437703788244365,0.0756989247311828,0.1513978494623656,0.02967741935483871,0.32688172043010755,69,0.8260869565217391,0.0006914696250119151,5.727287533336578,930,310.2123287671233
target3m_minv10_lb252_entry1p5_exit0p25_both_costx3p0,3,10.0,252,1.5,0.25,both,3.0,0.10059829770117451,0.07644558280096089,0.04264098282328593,0.014223396325301542,0.00946817784134106,1.5022316398829867,2.601050906633453,-0.0071475541115439065,0.11634408602150537,0.23268817204301073,0.05548387096774195,0.4860215053763441,127,0.7165354330708661,0.0004743868440259593,5.617311117734223,930,310.2123287671233
target3m_minv10_lb126_entry2p0_exit0p25_both_costx3p0,3,10.0,126,2.0,0.25,both,3.0,0.07305875413744031,0.0384381638874074,0.04223019418934598,0.014086372993295545,0.008559170624008882,1.6457637792361086,2.849570769538589,-0.00695900511894228,0.07548387096774194,0.15096774193548387,0.031827956989247314,0.3473118279569892,74,0.8783783783783784,0.0007257767977168218,5.809602849181242,930,310.2123287671233
target3m_minv10_lb126_entry1p5_exit0p25_both_costx3p0,3,10.0,126,1.5,0.25,both,3.0,0.09922601947721305,0.07303468951592018,0.04165850361346818,0.013895678945040414,0.00908910954269104,1.5288273157863466,2.6471002009529045,-0.007673805916458186,0.13333333333333333,0.26666666666666666,0.058494623655913985,0.5397849462365591,132,0.7424242424242424,0.0004636825638921237,5.817822859976745,930,310.2123287671233
target6m_minv10_lb126_entry1p5_exit0p25_both_costx3p0,6,10.0,126,1.5,0.25,both,3.0,0.055563922238352687,0.02528690137797073,0.04019792874926742,0.013433022393110637,0.007535387149243334,1.7826585584868746,3.0837782230084625,-0.0036664183666164675,0.03174971031286211,0.06349942062572422,0.03198146002317498,0.14716106604866744,68,0.7058823529411765,0.0005893893387183219,4.363109432159038,863,288.39043915828
target1m_minv500_lb252_entry1p5_exit0p25_both_costx1p0,1,500.0,252,1.5,0.25,both,1.0,0.058938305815931444,0.02024222592963449,0.04017606921688143,0.013425717549374149,0.007113894617850586,1.8872528018176682,3.2647132923182736,-0.007181752165014016,0.1992555831265509,0.3985111662531018,0.06774193548387097,0.6464019851116626,127,0.8661417322834646,0.00035707296429150136,5.550398608748184,806,269.3426349496798
target3m_minv10_lb252_entry2p0_exit0p25_both_costx3p0,3,10.0,252,2.0,0.25,both,3.0,0.07156064302334451,0.04096407750782293,0.03988351563364581,0.013303611036702407,0.008526145092570853,1.5603312977038515,2.7016480207122275,-0.006717750831447133,0.07763440860215053,0.15526881720430105,0.031397849462365596,0.35591397849462364,73,0.7808219178082192,0.0006894691961559296,5.23385078794923,930,310.2123287671233
target3m_minv500_lb126_entry1p5_exit0p25_both_costx1p0,3,500.0,126,1.5,0.25,both,1.0,0.050946396753626465,0.014391776534246396,0.03841712173389352,0.012837926544651976,0.008564402904912005,1.4989867580014185,2.593061188804691,-0.008104664472577624,0.14954007884362683,0.29908015768725366,0.048883048620236534,0.5492772667542707,93,0.7741935483870968,0.00042985470742510615,3.7782683469955933,761,254.30489478499544
target1m_minv10_lb252_entry1p5_exit0p25_contango_only_costx1p0,1,10.0,252,1.5,0.25,contango_only,1.0,0.04523967663384594,0.008357862345629118,0.03822844318108556,0.012751542348759361,0.005821180898795276,2.1905421890253165,3.7928316748986455,-0.0025124841210168655,0.019057815845824416,0.03811563169164883,0.018843683083511777,0.09100642398286937,44,0.8863636363636364,0.0009262082628943679,6.043700944420204,934,311.54657534246576
target1m_minv10_lb126_entry2p0_exit0p25_both_costx3p0,1,10.0,126,2.0,0.25,both,3.0,0.05775245710844047,0.024313332654853678,0.03802533622418373,0.012683793658340737,0.007107461609021317,1.784574346802173,3.089915429464763,-0.005130638441714612,0.022483940042826552,0.044967880085653104,0.023982869379014986,0.10278372591006424,54,0.9074074074074074,0.0008427512145672168,5.6322066903833505,934,311.54657534246576
target6m_minv10_lb126_entry2p0_exit0p25_both_costx1p0,6,10.0,126,2.0,0.25,both,1.0,0.03959890347096758,0.0035103634422697745,0.03730416852015256,0.01246600873923671,0.007493742692764532,1.6635223879881913,2.8776874231705487,-0.003622355312385861,0.015527230590961763,0.031054461181923527,0.014368482039397452,0.07300115874855156,30,0.8,0.0011700427405927666,4.310861528199107,863,288.39043915828
target1m_minv10_lb252_entry2p0_exit0p25_both_costx3p0,1,10.0,252,2.0,0.25,both,3.0,0.05642272339216053,0.023782838068180545,0.03692470674067751,0.012316665878568455,0.0072158041469523185,1.7069013553770782,2.9554279114259923,-0.005130638441714611,0.02762312633832976,0.05524625267665952,0.023982869379014986,0.12633832976445397,55,0.8545454545454545,0.0007830000192850387,5.023539362035365,934,311.54657534246576
target1m_minv10_lb252_entry1p5_exit0p25_backwardation_only_costx1p0,1,10.0,252,1.5,0.25,backwardation_only,1.0,0.04180909467600809,0.006108723157876451,0.03687767532884699,0.012300978003526359,0.006302696475363025,1.951700839729529,3.3792879233000206,-0.00497927707067195,0.044967880085653104,0.08993576017130621,0.02441113490364026,0.21627408993576017,57,0.9122807017543859,0.0006765990094264711,5.031526172490004,934,311.54657534246576
target3m_minv10_lb252_entry2p0_exit0p25_contango_only_costx1p0,3,10.0,252,2.0,0.25,contango_only,1.0,0.043793799322148365,0.009121183800946944,0.036620147512885046,0.012215076601900698,0.005859568134180915,2.0846376937996283,3.6094624953327097,-0.002437703788244365,0.04365591397849463,0.08731182795698926,0.015913978494623657,0.2,37,0.8648648648648649,0.0010548149412402368,5.374280360966243,930,310.2123287671233
target3m_minv10_lb126_entry1p5_exit0p25_backwardation_only_costx1p0,3,10.0,126,1.5,0.25,backwardation_only,1.0,0.043996503201077175,0.00955778985469596,0.036236831915313295,0.012087217221066834,0.007141488687459579,1.6925346730986115,2.930552605265731,-0.006986777669050157,0.05763440860215053,0.11526881720430106,0.028817204301075268,0.25806451612903225,67,0.835820895522388,0.0005832348262628476,5.416758990362769,930,310.2123287671233
target3m_minv500_lb252_entry1p5_exit0p25_both_costx1p0,3,500.0,252,1.5,0.25,both,1.0,0.047585793238528504,0.013259659863711698,0.03593807844140987,0.012009499680443693,0.008515170093703171,1.410365212707204,2.4397569061833315,-0.007261815754328397,0.16662286465177398,0.33324572930354796,0.040473061760841,0.5834428383705651,76,0.7763157894736842,0.0004366869741225141,3.5275534431958686,761,254.30489478499544
target1m_minv10_lb126_entry1p5_exit0p25_contango_only_costx1p0,1,10.0,126,1.5,0.25,contango_only,1.0,0.041830561859403495,0.008028046879664037,0.03528277183320366,0.011768979371760399,0.005432651870182647,2.1663415313532184,3.750929253921785,-0.0025124841210168655,0.02119914346895075,0.0423982869379015,0.021413276231263382,0.09850107066381156,50,0.84,0.000752229676475707,5.674970324675635,934,311.54657534246576
target6m_minv10_lb252_entry1p5_exit0p25_both_costx3p0,6,10.0,252,1.5,0.25,both,3.0,0.04857368856179539,0.02358273884461831,0.03484716661650267,0.011644947490098445,0.00825001930141742,1.4115054843687156,2.441729434742624,-0.006177030741549374,0.03545770567786791,0.07091541135573581,0.031517960602549244,0.17149478563151796,67,0.6716417910447762,0.000506571979447236,3.4577223609771846,863,288.39043915828
target1m_minv1000_lb126_entry1p5_exit0p25_both_costx1p0,1,1000.0,126,1.5,0.25,both,1.0,0.04587056557237576,0.01190411636008927,0.03429514792840708,0.011460478299039968,0.006032178941861969,1.8998903065535435,3.2865746082231757,-0.007764939611056065,0.1671794871794872,0.3343589743589744,0.05384615384615385,0.5641025641025641,95,0.8526315789473684,0.0003727935004527786,8.169961658760506,780,260.6541628545288
target1m_minv500_lb126_entry2p0_exit0p25_both_costx1p0,1,500.0,126,2.0,0.25,both,1.0,0.04573145038817775,0.012671830108608631,0.03379644882043685,0.011293827018906275,0.006658465433829465,1.6961606440916654,2.934147558472229,-0.007235571555823497,0.1270471464019851,0.2540942928039702,0.04491315136476427,0.4640198511166253,84,0.9166666666666666,0.00043712403857327895,5.135010672063702,806,269.3426349496798
target3m_minv10_lb126_entry2p0_exit0p25_contango_only_costx1p0,3,10.0,126,2.0,0.25,contango_only,1.0,0.03951646460746628,0.007344211523666409,0.03357531354706957,0.011199436779056769,0.00550570208344978,2.0341523404839563,3.5220492292776377,-0.002437703788244365,0.039354838709677424,0.07870967741935485,0.015913978494623657,0.18494623655913978,37,0.918918918918919,0.0009681710086085883,5.055118013359064,930,310.2123287671233
target3m_minv500_lb126_entry2p0_exit0p25_both_costx1p0,3,500.0,126,2.0,0.25,both,1.0,0.04121411117232959,0.009286227130633835,0.03321463303666517,0.011099400472682484,0.008161424514017633,1.359983230086701,2.3526023245628482,-0.0077484914579616275,0.09934296977660971,0.19868593955321942,0.03153745072273324,0.3902759526938239,60,0.7833333333333333,0.0005544238762115951,3.6391328606294686,761,254.30489478499544
target6m_minv10_lb126_entry2p0_exit0p25_both_costx3p0,6,10.0,126,2.0,0.25,both,3.0,0.03959890347096758,0.010531090326809323,0.03271469861852252,0.010932336386473332,0.00724837710305593,1.50824608474968,2.6090786757485978,-0.0036664183666164675,0.015527230590961763,0.031054461181923527,0.014368482039397452,0.07300115874855156,30,0.7333333333333333,0.001049712059701383,3.9211327545495274,863,288.39043915828
target6m_minv10_lb252_entry2p0_exit0p25_both_costx1p0,6,10.0,252,2.0,0.25,both,1.0,0.03429120771040878,0.003060318889653435,0.03230962114436314,0.010796970835296101,0.007483134873435077,1.4428406032911492,2.495935304334612,-0.004534342942161748,0.015990730011587486,0.03198146002317497,0.013904982618771728,0.07647740440324449,29,0.7586206896551724,0.0010358841469188856,3.5389962938969144,863,288.39043915828
target1m_minv1000_lb252_entry1p5_exit0p25_both_costx1p0,1,1000.0,252,1.5,0.25,both,1.0,0.042703200378358515,0.011611121091069931,0.03129271653390387,0.010457149784088187,0.0060568408159687595,1.7265023304753335,2.9866349129764638,-0.007638245304381568,0.18641025641025646,0.37282051282051293,0.046666666666666676,0.6307692307692307,80,0.8375,0.0003696236658457718,6.750325364776368,780,260.6541628545288
target1m_minv10_lb126_entry1p5_exit0p25_backwardation_only_costx1p0,1,10.0,126,1.5,0.25,backwardation_only,1.0,0.03527206487529664,0.005349876985152171,0.030831673285823702,0.010284263623422017,0.005605601410257819,1.834640544474426,3.1766029451512567,-0.00497927707067195,0.02569593147751606,0.05139186295503212,0.021841541755888653,0.12312633832976445,51,0.9019607843137255,0.0006354615063325402,4.43745153462808,934,311.54657534246576
target3m_minv10_lb252_entry1p5_exit0p25_backwardation_only_costx1p0,3,10.0,252,1.5,0.25,backwardation_only,1.0,0.03653264966316587,0.0077914374188957185,0.030444433852992607,0.010155095401648906,0.007089835974985041,1.4323456053819823,2.4800461770206392,-0.007039549464436372,0.046881720430107535,0.09376344086021507,0.025806451612903226,0.21397849462365592,60,0.75,0.0005411384845746506,4.525711333664303,930,310.2123287671233
target3m_minv500_lb252_entry2p0_exit0p25_both_costx1p0,3,500.0,252,2.0,0.25,both,1.0,0.03670114549280083,0.008471965850023662,0.029231292975856603,0.009768279743304322,0.008161598253361983,1.1968586838099393,2.0704170900144017,-0.007607443911574163,0.11038107752956636,0.22076215505913271,0.025229960578186602,0.4152431011826544,47,0.8085106382978723,0.0005389100297300542,2.9401154593517416,761,254.30489478499544
target3m_minv10_lb126_entry2p0_exit0p25_backwardation_only_costx1p0,3,10.0,126,2.0,0.25,backwardation_only,1.0,0.03354228952997405,0.005468509772136057,0.02920725394100597,0.00974241963648624,0.0069268379312072475,1.4064743152996326,2.4352511262855114,-0.006708190450109802,0.03612903225806452,0.07225806451612904,0.015913978494623657,0.17096774193548386,37,0.918918918918919,0.000832054138291641,4.603886357669706,930,310.2123287671233
target1m_minv10_lb126_entry2p0_exit0p25_contango_only_costx1p0,1,10.0,126,2.0,0.25,contango_only,1.0,0.032859275441010714,0.005264394728812271,0.02861761162227794,0.009545737575376271,0.005146112318454227,1.8549415528970792,3.211753287456274,-0.0025124841210168655,0.011349036402569594,0.022698072805139188,0.011991434689507495,0.05353319057815846,28,0.9285714285714286,0.0010758768135254112,5.456692988447678,934,311.54657534246576
target6m_minv10_lb252_entry2p0_exit0p25_both_costx3p0,6,10.0,252,2.0,0.25,both,3.0,0.03429120771040878,0.009180956668960304,0.02834644801227186,0.009472589328895057,0.007276721313702981,1.3017661279753812,2.251893957925362,-0.00453434294216175,0.015990730011587486,0.03198146002317497,0.013904982618771728,0.07647740440324449,29,0.6896551724137931,0.0009284423255432107,3.2375043216218233,863,288.39043915828
target6m_minv10_lb126_entry1p5_exit0p25_backwardation_only_costx1p0,6,10.0,126,1.5,0.25,backwardation_only,1.0,0.030053424476400498,0.004601981915483446,0.02726562909463584,0.009111409905595372,0.006069837018030072,1.5010963026734487,2.596710439464106,-0.003622355312385861,0.019235225955967557,0.038470451911935113,0.019003476245654696,0.09385863267670916,41,0.7804878048780488,0.0006743879566040417,3.7586875032767257,863,288.39043915828
target1m_minv10_lb252_entry2p0_exit0p25_contango_only_costx1p0,1,10.0,252,2.0,0.25,contango_only,1.0,0.031222145739348922,0.004931278663520853,0.027169071480377158,0.009062560144481969,0.005207668957828029,1.7402335320987272,3.013141173602167,-0.0025124841210168655,0.010492505353319059,0.020985010706638118,0.010706638115631691,0.05139186295503212,25,0.88,0.001146159164387817,4.973882871284296,934,311.54657534246576
target1m_minv10_lb252_entry1p5_exit0p25_backwardation_only_costx3p0,1,10.0,252,1.5,0.25,backwardation_only,3.0,0.04180909467600809,0.018326169473629358,0.027014836634524787,0.009011113315762721,0.006022532228769475,1.4962333074311953,2.5906650462589265,-0.005364992994705487,0.044967880085653104,0.08993576017130621,0.02441113490364026,0.21627408993576017,57,0.8596491228070176,0.0005628112501738662,4.351037749201885,934,311.54657534246576
target1m_minv500_lb252_entry2p0_exit0p25_both_costx1p0,1,500.0,252,2.0,0.25,both,1.0,0.03882418048288991,0.012614692204247673,0.026899900262701795,0.008989193569031866,0.006464544133782072,1.3905378914588293,2.4054580993842163,-0.00655830034658157,0.12531017369727046,0.2506203473945409,0.04441687344913151,0.47890818858560796,83,0.891566265060241,0.0003836981566053086,4.887817487022172,806,269.3426349496798
target1m_minv500_lb126_entry1p5_exit0p25_backwardation_only_costx1p0,1,500.0,126,1.5,0.25,backwardation_only,1.0,0.031982385130243145,0.007818873833534822,0.02502772002909067,0.008363563349154042,0.005657062020949315,1.4784287883325251,2.5574984508522176,-0.007567314341184468,0.10521091811414392,0.21042183622828783,0.036724565756823827,0.39081885856079407,74,0.9054054054054054,0.000374096008057509,6.13938951716415,806,269.3426349496798
target3m_minv10_lb252_entry2p0_exit0p25_backwardation_only_costx1p0,3,10.0,252,2.0,0.25,backwardation_only,1.0,0.02776684370119615,0.0045335087016607,0.02438145304722657,0.008132717557533796,0.006828565929962769,1.1909847017583288,2.062139923065641,-0.0067726033345201055,0.03397849462365591,0.06795698924731182,0.015483870967741937,0.16344086021505377,36,0.7777777777777778,0.0007071118415593111,3.7182400231212522,930,310.2123287671233
target3m_minv10_lb252_entry1p5_exit0p25_contango_only_costx3p0,3,10.0,252,1.5,0.25,contango_only,3.0,0.06406564803800865,0.053071270544273734,0.024372980590639852,0.008129891470987404,0.0065684888930887825,1.2377110783488563,2.1430446790085758,-0.0036944874975992775,0.06946236559139785,0.1389247311827957,0.02967741935483871,0.3161290322580645,69,0.6956521739130435,0.0005349978112828027,4.456726801065216,930,310.2123287671233
target1m_minv10_lb252_entry1p5_exit0p25_contango_only_costx3p0,1,10.0,252,1.5,0.25,contango_only,3.0,0.04523967663384594,0.02507358703688735,0.024205976275564773,0.008074185237123319,0.005436034800315273,1.4853078638597088,2.571748100195135,-0.0026620447865618596,0.019057815845824416,0.03811563169164883,0.018843683083511777,0.09100642398286937,44,0.7954545454545454,0.0007222758507810158,4.90878819123506,934,311.54657534246576
target6m_minv10_lb252_entry1p5_exit0p25_backwardation_only_costx1p0,6,10.0,252,1.5,0.25,backwardation_only,1.0,0.026749008983580784,0.004190212274099681,0.02418044419819672,0.008080427487091814,0.006944415761929139,1.1635863640812736,2.0128601032769495,-0.00602747007600438,0.02595596755504056,0.05191193511008112,0.019930475086906145,0.12630359212050984,43,0.6976744186046512,0.0005704498609656414,2.9925759136733725,863,288.39043915828
target6m_minv10_lb126_entry1p5_exit0p25_contango_only_costx1p0,6,10.0,126,1.5,0.25,contango_only,1.0,0.02551049776195218,0.003826985210506797,0.023176295314021756,0.0077448690424944625,0.004940634085839006,1.5675860442069653,2.7117294463391843,-0.0007170999965799146,0.012514484356894555,0.02502896871378911,0.01297798377752028,0.05793742757821553,28,0.8571428571428571,0.0008419633439136957,3.943728041341077,863,288.39043915828
target1m_minv10_lb252_entry2p0_exit0p25_backwardation_only_costx1p0,1,10.0,252,2.0,0.25,backwardation_only,1.0,0.02520057765281161,0.0029963340258726615,0.022754313027955702,0.007589966057955087,0.005323946830272956,1.4256276968802775,2.4684144009781637,-0.004938546237456674,0.017130620985010708,0.034261241970021415,0.013276231263383297,0.08244111349036402,31,0.9032258064516129,0.0007618176896131397,3.5000065303094097,934,311.54657534246576
target1m_minv10_lb126_entry2p0_exit0p25_backwardation_only_costx1p0,1,10.0,126,2.0,0.25,backwardation_only,1.0,0.024893181667429758,0.0028400494894722872,0.022559138524743613,0.007524863329828863,0.0052443068929932946,1.434863268563197,2.48440540493612,-0.0049385462374566735,0.01113490364025696,0.02226980728051392,0.011991434689507495,0.05353319057815846,28,0.8928571428571429,0.0008360402209978917,3.4821732098964273,934,311.54657534246576
target3m_minv10_lb252_entry2p0_exit0p25_contango_only_costx3p0,3,10.0,252,2.0,0.25,contango_only,3.0,0.043793799322148365,0.027363551402840827,0.022272843894358407,0.0074293664222962645,0.005565106463491273,1.3349908885005308,2.311480579088441,-0.002483896720580274,0.04365591397849463,0.08731182795698926,0.015913978494623657,0.2,37,0.7837837837837838,0.0007972124279289072,4.122679055566307,930,310.2123287671233
target1m_minv10_lb126_entry1p5_exit0p25_contango_only_costx3p0,1,10.0,126,1.5,0.25,contango_only,3.0,0.041830561859403495,0.024084140638992113,0.022187191780804003,0.0074007961625010615,0.005110468815756471,1.4481638435368416,2.507434791134269,-0.0026620447865618596,0.02119914346895075,0.0423982869379015,0.021413276231263382,0.09850107066381156,50,0.78,0.0005834665550509812,4.6612733054372955,934,311.54657534246576
target1m_minv10_lb126_entry1p5_exit0p25_backwardation_only_costx3p0,1,10.0,126,1.5,0.25,backwardation_only,3.0,0.03527206487529664,0.016049630955456515,0.021950890106877813,0.007321974987705134,0.0053757485670803224,1.3620382159506106,2.358311889066389,-0.005364992994705487,0.02569593147751606,0.05139186295503212,0.021841541755888653,0.12312633832976445,51,0.8627450980392157,0.0005231662885938304,3.7472908282089845,934,311.54657534246576
target6m_minv10_lb126_entry2p0_exit0p25_backwardation_only_costx1p0,6,10.0,126,2.0,0.25,backwardation_only,1.0,0.02335346272943771,0.002456883872135736,0.021704310950692814,0.007252973078445152,0.00594855231497666,1.2192837339909333,2.109209645699725,-0.003622355312385861,0.01205098493626883,0.02410196987253766,0.010196987253765933,0.05909617612977984,22,0.7727272727272727,0.001001022431612581,3.2128054193876703,863,288.39043915828
target3m_minv10_lb126_entry2p0_exit0p25_contango_only_costx3p0,3,10.0,126,2.0,0.25,contango_only,3.0,0.03951646460746628,0.022032634570999226,0.021693011426276165,0.007235956551093489,0.005263205841931175,1.374819220150142,2.3804416603202196,-0.0024377037882443667,0.039354838709677424,0.07870967741935485,0.015913978494623657,0.18494623655913978,37,0.8378378378378378,0.0007684879119086692,4.176533540978349,930,310.2123287671233
target6m_minv10_lb126_entry1p5_exit0p25_backwardation_only_costx3p0,6,10.0,126,1.5,0.25,backwardation_only,3.0,0.030053424476400498,0.01380594574645034,0.021690038331106522,0.007248203568560529,0.00591663197371113,1.2250556736950786,2.119194385558865,-0.0036664183666164675,0.019235225955967557,0.038470451911935113,0.019003476245654696,0.09385863267670916,41,0.6585365853658537,0.0005571431636462472,3.154481807941213,863,288.39043915828
target1m_minv500_lb126_entry1p5_exit0p25_contango_only_costx1p0,1,500.0,126,1.5,0.25,contango_only,1.0,0.033463675429360816,0.012523917241788456,0.021580456146542967,0.007211584270379523,0.004621065406008361,1.560589092940113,2.6996255884010245,-0.004439147056099494,0.09602977667493798,0.19205955334987596,0.035483870967741936,0.38461538461538464,72,0.8611111111111112,0.00035472690638313237,3.5032032020777097,806,269.3426349496798
target1m_minv1000_lb252_entry2p0_exit0p25_both_costx1p0,1,1000.0,252,2.0,0.25,both,1.0,0.028173617794365606,0.006751179753368987,0.02156902839312029,0.007207765435120938,0.005545430662956885,1.2997665777823786,2.2484349840732816,-0.007065735575793033,0.11282051282051282,0.22564102564102564,0.02512820512820513,0.4371794871794872,44,0.8409090909090909,0.00048634892579704677,6.4255909484093126,780,260.6541628545288
target6m_minv10_lb252_entry2p0_exit0p25_backwardation_only_costx1p0,6,10.0,252,2.0,0.25,backwardation_only,1.0,0.022968455518168136,0.0026331360890581522,0.021275240685192636,0.007109589808112179,0.006232257974398019,1.1407727082733452,1.9733953080514322,-0.004534342942161748,0.015063731170336037,0.030127462340672075,0.012050984936268832,0.07300115874855156,26,0.7307692307692307,0.000828821545221,2.9614175497130772,863,288.39043915828
target3m_minv500_lb126_entry1p5_exit0p25_backwardation_only_costx1p0,3,500.0,126,1.5,0.25,backwardation_only,1.0,0.025975558472318534,0.005770882006975521,0.021073545221987483,0.0070421888310438505,0.006753359342190636,1.042768268978195,1.8038597824637015,-0.008946850961199246,0.08173455978975033,0.16346911957950067,0.024178712220762153,0.3088042049934297,46,0.782608695652174,0.0004957327742680837,4.175899784388899,761,254.30489478499544
target1m_minv1000_lb126_entry2p0_exit0p25_both_costx1p0,1,1000.0,126,2.0,0.25,both,1.0,0.027286946062136237,0.006484223747132605,0.021013343401879943,0.007022071068194555,0.005435839076015657,1.2918099616263048,2.2346710248932555,-0.007828830689132565,0.10897435897435898,0.21794871794871795,0.027179487179487184,0.4307692307692308,49,0.8367346938775511,0.00044240614330335194,6.768010707997154,780,260.6541628545288
target1m_minv1000_lb126_entry1p5_exit0p25_backwardation_only_costx1p0,1,1000.0,126,1.5,0.25,backwardation_only,1.0,0.027357913412338338,0.006568093228113445,0.02095196086769977,0.00700155874375786,0.00555841866109707,1.2596314114950011,2.179006123911248,-0.007567314341184468,0.10435897435897437,0.20871794871794874,0.0317948717948718,0.41025641025641024,62,0.8387096774193549,0.0003828720979927933,6.714732418414769,780,260.6541628545288
target3m_minv10_lb126_entry1p5_exit0p25_contango_only_costx3p0,3,10.0,126,1.5,0.25,contango_only,3.0,0.055229516276135884,0.04436131995183229,0.02094101426968266,0.00698511914338045,0.005956273435546094,1.172733122306704,2.0305380808332143,-0.003443080433406364,0.0756989247311828,0.1513978494623656,0.02967741935483871,0.32688172043010755,69,0.7246376811594203,0.0004735533307999223,4.036458233420162,930,310.2123287671233
target3m_minv10_lb126_entry1p5_exit0p25_backwardation_only_costx3p0,3,10.0,126,1.5,0.25,backwardation_only,3.0,0.043996503201077175,0.028673369564087878,0.020717489343785526,0.006910559801659967,0.006892202494172371,1.0026634892841755,1.7360696636998068,-0.0074078842778937766,0.05763440860215053,0.11526881720430106,0.028817204301075268,0.25806451612903225,67,0.7611940298507462,0.00043637602502504506,4.271899283763524,930,310.2123287671233
target1m_minv500_lb252_entry1p5_exit0p25_backwardation_only_costx1p0,1,500.0,252,1.5,0.25,backwardation_only,1.0,0.028678852560746242,0.008912047371816934,0.020702142662672153,0.006918076493633124,0.005853856608288469,1.181798078866132,2.044364111259755,-0.007506415166608141,0.1193548387096774,0.2387096774193548,0.03722084367245657,0.45285359801488834,75,0.8666666666666667,0.000310980433275143,4.313477871205653,806,269.3426349496798
target3m_minv10_lb126_entry2p0_exit0p25_backwardation_only_costx3p0,3,10.0,126,2.0,0.25,backwardation_only,3.0,0.03354228952997405,0.016405529316408173,0.020537182763069817,0.006850416442202056,0.0066736143613885576,1.026492702640479,1.777328944465324,-0.006816284239093052,0.03612903225806452,0.07225806451612904,0.015913978494623657,0.17096774193548386,37,0.918918918918919,0.0006830656835249744,3.988042314238793,930,310.2123287671233
target1m_minv10_lb126_entry2p0_exit0p25_contango_only_costx3p0,1,10.0,126,2.0,0.25,contango_only,3.0,0.032859275441010714,0.01579318418643682,0.02013428398481239,0.006716024863427147,0.00486784820439172,1.3796701502253135,2.3888408417347606,-0.0026620447865618596,0.011349036402569594,0.022698072805139188,0.011991434689507495,0.05353319057815846,28,0.8928571428571429,0.0008805393376468969,4.640116568574769,934,311.54657534246576
target6m_minv10_lb252_entry1p5_exit0p25_contango_only_costx1p0,6,10.0,252,1.5,0.25,contango_only,1.0,0.02182467957821461,0.0036707006741064224,0.0198177370485011,0.006622532897497738,0.004846413706704656,1.366481133943632,2.3638428923731047,-0.0007756905579562011,0.009501738122827346,0.019003476245654693,0.011587485515643106,0.04519119351100811,25,0.84,0.000799573169646456,3.393554001838295,863,288.39043915828
target1m_minv1000_lb252_entry1p5_exit0p25_backwardation_only_costx1p0,1,1000.0,252,1.5,0.25,backwardation_only,1.0,0.02627485517946835,0.006871060834251486,0.019501904293939096,0.0065169904330844046,0.00567857353527263,1.1476456882355968,1.9852847110074059,-0.007506415166608141,0.1371794871794872,0.2743589743589744,0.02871794871794872,0.5269230769230769,56,0.8392857142857143,0.00039697257076435645,5.698760858196675,780,260.6541628545288
target3m_minv500_lb252_entry1p5_exit0p25_contango_only_costx1p0,3,500.0,252,1.5,0.25,contango_only,1.0,0.0265721716960177,0.007923561733985623,0.019482165883019452,0.00651039440875833,0.005472539693080735,1.1896477273595325,2.057943029649358,-0.004911585531574626,0.0630749014454665,0.126149802890933,0.02049934296977661,0.29303547963206306,40,0.85,0.0005408320676858657,2.422021724705909,761,254.30489478499544
target1m_minv500_lb252_entry1p5_exit0p25_contango_only_costx1p0,1,500.0,252,1.5,0.25,contango_only,1.0,0.030259453255185195,0.01133017855781756,0.01947392655420928,0.006507641055741025,0.004520369854133268,1.439625797387058,2.490374088816903,-0.004439147056099496,0.07990074441687346,0.15980148883374692,0.030521091811414394,0.3325062034739454,62,0.8548387096774194,0.0003733737420219656,3.1848205334455018,806,269.3426349496798
target1m_minv10_lb252_entry2p0_exit0p25_contango_only_costx3p0,1,10.0,252,2.0,0.25,contango_only,3.0,0.031222145739348922,0.014793835990562559,0.01906292296243363,0.006358659919661081,0.004922614171385914,1.2917242136551323,2.2365661512160497,-0.0026620447865618613,0.010492505353319059,0.020985010706638118,0.010706638115631691,0.05139186295503212,25,0.84,0.0009407058340155381,4.236194991859926,934,311.54657534246576
target6m_minv10_lb252_entry1p5_exit0p25_backwardation_only_costx3p0,6,10.0,252,1.5,0.25,backwardation_only,3.0,0.026749008983580784,0.012570636822299043,0.019043314627428587,0.006363742605368977,0.006865394210980589,0.9269304004700467,1.6034746360179606,-0.006177030741549376,0.02595596755504056,0.05191193511008112,0.019930475086906145,0.12630359212050984,43,0.6511627906976745,0.00046720963017223634,2.4879891336937936,863,288.39043915828
target1m_minv500_lb126_entry2p0_exit0p25_backwardation_only_costx1p0,1,500.0,126,2.0,0.25,backwardation_only,1.0,0.02333572773453781,0.004939530641650637,0.01889595567059246,0.0063144993675058525,0.005442524745396708,1.1602150955485617,2.0070282268160335,-0.007705985752033465,0.07146401985111663,0.14292803970223325,0.02332506203473946,0.2990074441687345,47,0.9574468085106383,0.0004402781304727185,5.319403105668504,806,269.3426349496798
target6m_minv10_lb126_entry1p5_exit0p25_contango_only_costx3p0,6,10.0,126,1.5,0.25,contango_only,3.0,0.02551049776195218,0.01148095563152039,0.018507890418160894,0.006184818824550108,0.004709347794033175,1.3133068728511368,2.2718580152910977,-0.0009413162864511364,0.012514484356894555,0.02502896871378911,0.01297798377752028,0.05793742757821553,28,0.7857142857142857,0.0007037116201730743,3.2658844308768478,863,288.39043915828
target6m_minv10_lb126_entry2p0_exit0p25_backwardation_only_costx3p0,6,10.0,126,2.0,0.25,backwardation_only,3.0,0.02335346272943771,0.007370651616407207,0.01840600739320302,0.006150772369961029,0.005805360736283578,1.0594987373512597,1.8328014178565053,-0.0036664183666164658,0.01205098493626883,0.02410196987253766,0.010196987253765933,0.05909617612977984,22,0.6818181818181818,0.0008800252285252234,2.8880939767120184,863,288.39043915828
target3m_minv10_lb252_entry1p5_exit0p25_backwardation_only_costx3p0,3,10.0,252,1.5,0.25,backwardation_only,3.0,0.03653264966316587,0.023374312256687155,0.018268002232646085,0.006093504854314141,0.0068525119197151985,0.8892366661607201,1.5396758897377587,-0.007231641668694311,0.046881720430107535,0.09376344086021507,0.025806451612903226,0.21397849462365592,60,0.75,0.0004056604649517562,3.5549088689236292,930,310.2123287671233
target1m_minv10_lb126_entry2p0_exit0p25_backwardation_only_costx3p0,1,10.0,126,2.0,0.25,backwardation_only,3.0,0.024893181667429758,0.008520148468416864,0.017891052239371333,0.005967768794913588,0.005037997627307774,1.184551727965515,2.0510014994884016,-0.005130638441714612,0.01113490364025696,0.02226980728051392,0.011991434689507495,0.05353319057815846,28,0.8928571428571429,0.0007300362581772638,3.1306839659248586,934,311.54657534246576
target6m_minv10_lb252_entry2p0_exit0p25_backwardation_only_costx3p0,6,10.0,252,2.0,0.25,backwardation_only,3.0,0.022968455518168136,0.007899408267174456,0.01788881101924163,0.005977939821388844,0.006100920593410426,0.9798422598460941,1.6950055906732586,-0.00453434294216175,0.015063731170336037,0.030127462340672075,0.012050984936268832,0.07300115874855156,26,0.6538461538461539,0.0007196603650346813,2.6393586469058254,863,288.39043915828
target1m_minv10_lb252_entry2p0_exit0p25_backwardation_only_costx3p0,1,10.0,252,2.0,0.25,backwardation_only,3.0,0.02520057765281161,0.008989002077617984,0.017861783778243875,0.005958005958907374,0.005110797567654592,1.1657683326404136,2.018478840437088,-0.005130638441714611,0.017130620985010708,0.034261241970021415,0.013276231263383297,0.08244111349036402,31,0.8709677419354839,0.0006596093493031861,3.123015877032651,934,311.54657534246576
target3m_minv1000_lb126_entry1p5_exit0p25_both_costx1p0,3,1000.0,126,1.5,0.25,both,1.0,0.023337943326512595,0.0061828311004757126,0.01761187241166276,0.005885394692003498,0.006904524328927337,0.8523968359914278,1.4745408130331177,-0.008113705470675803,0.0984375,0.196875,0.0265625,0.409375,42,0.7619047619047619,0.000385349708427462,2.5175060363386748,640,213.8700823421775
target3m_minv10_lb252_entry2p0_exit0p25_backwardation_only_costx3p0,3,10.0,252,2.0,0.25,backwardation_only,3.0,0.02776684370119615,0.013600526104982103,0.01761067173928741,0.005874244614406143,0.006591132917598393,0.8912344338743114,1.543134940515763,-0.006836634069272752,0.03397849462365591,0.06795698924731182,0.015483870967741937,0.16344086021505377,36,0.7777777777777778,0.0005787330968337023,3.226756785985585,930,310.2123287671233
target3m_minv500_lb126_entry1p5_exit0p25_contango_only_costx1p0,3,500.0,126,1.5,0.25,contango_only,1.0,0.024970838281307927,0.008620894527270877,0.017343576511906045,0.005795737713608127,0.00563974296928308,1.027659903150671,1.7777241833034731,-0.005030702964861446,0.06780551905387648,0.13561103810775296,0.024704336399474378,0.3061760840998686,48,0.7708333333333334,0.0004094014068480397,2.102351985336809,761,254.30489478499544
target3m_minv500_lb126_entry2p0_exit0p25_both_costx3p0,3,500.0,126,2.0,0.25,both,3.0,0.04121411117232959,0.027858681391901504,0.017215676765336314,0.005752997199029358,0.008263546160800272,0.696189878664902,1.2043221494575045,-0.00859168046053598,0.09934296977660971,0.19868593955321942,0.03153745072273324,0.3902759526938239,60,0.75,0.00037457684579964484,2.1642341875864295,761,254.30489478499544
target3m_minv500_lb126_entry2p0_exit0p25_contango_only_costx1p0,3,500.0,126,2.0,0.25,contango_only,1.0,0.02151342035289673,0.005123787545754455,0.016883591467074143,0.005642023589523175,0.00524863445470421,1.0749507587571432,1.859531498547544,-0.004911585531574624,0.03758212877792379,0.07516425755584757,0.014191852825229962,0.17871222076215507,28,0.8571428571428571,0.0006543833087229691,2.2672866651894923,761,254.30489478499544
target3m_minv1000_lb126_entry1p5_exit0p25_contango_only_costx1p0,3,1000.0,126,1.5,0.25,contango_only,1.0,0.0197620696171831,0.0035134369658852155,0.016543252153448883,0.005528291719164872,0.004159142757668183,1.3291901820326795,2.2993341703462344,-0.0010595901082250565,0.036875000000000005,0.07375000000000001,0.015312500000000001,0.1828125,25,0.8,0.0007157272254032698,2.9241605162127664,640,213.8700823421775
target3m_minv500_lb252_entry1p5_exit0p25_backwardation_only_costx1p0,3,500.0,252,1.5,0.25,backwardation_only,1.0,0.0210136215425108,0.005336098129726074,0.016455912558390413,0.00549910527168536,0.00688885619717787,0.7982610050617919,1.380892539385594,-0.00810400224295002,0.1035479632063075,0.207095926412615,0.01997371879106439,0.37844940867279897,38,0.7105263157894737,0.0004664043658531687,3.580923583363985,761,254.30489478499544
target3m_minv500_lb126_entry2p0_exit0p25_backwardation_only_costx1p0,3,500.0,126,2.0,0.25,backwardation_only,1.0,0.01970069081943286,0.004162439584879381,0.016331041569591025,0.005457376883159306,0.0064730892188344545,0.8430869247530567,1.4584358211947483,-0.008104002242950022,0.06176084099868594,0.12352168199737187,0.017345597897503284,0.23390275952693823,33,0.7272727272727273,0.0005279147661501652,3.6094903000743876,761,254.30489478499544
target3m_minv500_lb252_entry2p0_exit0p25_backwardation_only_costx1p0,3,500.0,252,2.0,0.25,backwardation_only,1.0,0.019059924622900275,0.0036268651014706907,0.016091307191197737,0.005377264365585521,0.006540313975799659,0.822172205414353,1.4222559505571692,-0.007929282080423167,0.078580814717477,0.157161629434954,0.014191852825229962,0.27463863337713534,27,0.7777777777777778,0.0006261975338521781,3.446593950687135,761,254.30489478499544
target1m_minv500_lb252_entry2p0_exit0p25_backwardation_only_costx1p0,1,500.0,252,2.0,0.25,backwardation_only,1.0,0.021147887372622163,0.00552835929352032,0.01607287009999895,0.005371103205877966,0.005488174997543524,0.978668356654451,1.6929748837377803,-0.006942890638693934,0.08312655086848635,0.1662531017369727,0.02481389578163772,0.3535980148883375,50,0.9,0.00035708574566715946,3.624819482137684,806,269.3426349496798
target3m_minv1000_lb252_entry1p5_exit0p25_both_costx1p0,3,1000.0,252,1.5,0.25,both,1.0,0.021612864915968547,0.00614083189283837,0.01586476247400341,0.005301559463522182,0.007218797420006182,0.7344103394326368,1.2704388065300358,-0.007929282080423167,0.1103125,0.220625,0.025,0.45,38,0.7631578947368421,0.00037609468184856377,2.1697683639257574,640,213.8700823421775
target6m_minv10_lb252_entry1p5_exit0p25_contango_only_costx3p0,6,10.0,252,1.5,0.25,contango_only,3.0,0.02182467957821461,0.011012102022319267,0.01580385198907408,0.005281204884729468,0.004654379399995871,1.134674342348231,1.962845891313004,-0.0007756905579562011,0.009501738122827346,0.019003476245654693,0.011587485515643106,0.04519119351100811,25,0.72,0.000652745142682199,2.7231796991470696,863,288.39043915828
target6m_minv10_lb126_entry2p0_exit0p25_contango_only_costx1p0,6,10.0,126,2.0,0.25,contango_only,1.0,0.01624544074152986,0.001053479570134039,0.015599857569459745,0.005213035660791557,0.004574870492341785,1.1394936030469158,1.9711826146428035,-0.0004874575188009186,0.0034762456546929316,0.006952491309385863,0.004171494785631519,0.015063731170336037,9,0.8888888888888888,0.001744074381038616,3.513326152079637,863,288.39043915828
target1m_minv500_lb126_entry2p0_exit0p25_contango_only_costx1p0,1,500.0,126,2.0,0.25,contango_only,1.0,0.022395722653639934,0.007732299466957993,0.014900493149844388,0.004979327651400423,0.004205933086994616,1.1838818042058872,2.0479686976764175,-0.0044391470560994975,0.05558312655086848,0.11116625310173696,0.02158808933002481,0.24689826302729528,44,0.8409090909090909,0.000395410990682161,2.8064089145112976,806,269.3426349496798
target3m_minv1000_lb126_entry2p0_exit0p25_contango_only_costx1p0,3,1000.0,126,2.0,0.25,contango_only,1.0,0.016103376319009266,0.0019329197168540002,0.014369030002177296,0.004801727546473246,0.003973928775225297,1.2083074000743805,2.090221949295841,-0.0006666759731171787,0.0246875,0.049375,0.0084375,0.1234375,14,0.8571428571428571,0.0010731961401016798,2.706044538581097,640,213.8700823421775
target6m_minv10_lb126_entry2p0_exit0p25_contango_only_costx3p0,6,10.0,126,2.0,0.25,contango_only,3.0,0.01624544074152986,0.0031604387104021167,0.014308691225319501,0.004781564016512304,0.00438863323695155,1.0895337473754574,1.8847582602924897,-0.0004874575188009186,0.0034762456546929316,0.006952491309385863,0.004171494785631519,0.015063731170336037,9,0.8888888888888888,0.0016221252005536556,3.254681966750521,863,288.39043915828
target3m_minv500_lb252_entry2p0_exit0p25_both_costx3p0,3,500.0,252,2.0,0.25,both,3.0,0.03670114549280083,0.025415897550070985,0.01429158794196813,0.0047758485780456175,0.008251811049217014,0.5787636858818747,1.0011893989982923,-0.0087241668244354,0.11038107752956636,0.22076215505913271,0.025229960578186602,0.4152431011826544,47,0.723404255319149,0.00032383024873433813,1.5304215923157491,761,254.30489478499544
target1m_minv1000_lb252_entry2p0_exit0p25_backwardation_only_costx1p0,1,1000.0,252,2.0,0.25,backwardation_only,1.0,0.01822835878881914,0.004117013974667423,0.014155407868382321,0.0047303410099969285,0.0053852884731193425,0.8783821022046295,1.519492100920444,-0.006986609508359903,0.08846153846153847,0.17692307692307693,0.015384615384615382,0.37435897435897436,30,0.8333333333333334,0.0005245747739623067,5.31057936890241,780,260.6541628545288
target3m_minv1000_lb252_entry1p5_exit0p25_contango_only_costx1p0,3,1000.0,252,1.5,0.25,contango_only,1.0,0.0170368089635912,0.0031803209005937957,0.014119092197772081,0.004718205329584862,0.004143132131302224,1.1388015588346412,1.9699854639820609,-0.0023442101389554906,0.0390625,0.078125,0.0128125,0.190625,21,0.8095238095238095,0.0007286886974647253,2.440101320585094,640,213.8700823421775
target3m_minv500_lb126_entry1p5_exit0p25_both_costx3p0,3,500.0,126,1.5,0.25,both,3.0,0.050946396753626465,0.04317532960273919,0.013358571694427659,0.004464060669158008,0.008733736407696183,0.5111283946266423,0.8841887331743461,-0.008869097338910396,0.14954007884362683,0.29908015768725366,0.048883048620236534,0.5492772667542707,93,0.6989247311827957,0.0002488516692355104,1.8596659055870093,761,254.30489478499544
target3m_minv1000_lb252_entry2p0_exit0p25_both_costx1p0,3,1000.0,252,2.0,0.25,both,1.0,0.016623907397560277,0.00353435684995629,0.013354218528971923,0.004462605963135403,0.006818020828684804,0.6545309959101783,1.132257448776448,-0.007929282080423167,0.07468749999999999,0.14937499999999998,0.0140625,0.3203125,22,0.7272727272727273,0.0004940758765015131,1.7958580258642822,640,213.8700823421775
target1m_minv1000_lb126_entry1p5_exit0p25_contango_only_costx1p0,1,1000.0,126,1.5,0.25,contango_only,1.0,0.018512652160037425,0.005336023131975827,0.013343187060707308,0.004458919555282108,0.0025626891282903214,1.7399377497874047,3.009876522141777,-0.000863761907151199,0.06282051282051282,0.12564102564102564,0.022051282051282053,0.2717948717948718,43,0.9069767441860465,0.0003656860260049298,5.801023719587194,780,260.6541628545288
target3m_minv500_lb252_entry2p0_exit0p25_contango_only_costx1p0,3,500.0,252,2.0,0.25,contango_only,1.0,0.01764122086990056,0.004845100748552971,0.013139985784658862,0.004391015377718801,0.005128093731226935,0.8562665988299356,1.4812350228203957,-0.004911585531574625,0.03180026281208936,0.06360052562417871,0.011038107752956638,0.15243101182654403,22,0.8636363636363636,0.0006631762072658049,1.8014745662612883,761,254.30489478499544
target3m_minv1000_lb126_entry2p0_exit0p25_both_costx1p0,3,1000.0,126,2.0,0.25,both,1.0,0.015924100233238092,0.0035413621389501415,0.012689405283293232,0.004240443988767478,0.0067272441159598245,0.6303389494529237,1.0904082086739497,-0.007929282080423167,0.0753125,0.150625,0.0159375,0.3140625,25,0.72,0.0004096455922794672,1.6885609177310354,640,213.8700823421775
target3m_minv500_lb252_entry1p5_exit0p25_both_costx3p0,3,500.0,252,1.5,0.25,both,3.0,0.047585793238528504,0.03977897959113509,0.01264264884717261,0.004224819296825065,0.008695780175168605,0.4858470673958992,0.8404551724250062,-0.009172782395364208,0.16662286465177398,0.33324572930354796,0.040473061760841,0.5834428383705651,76,0.6973684210526315,0.00022406634351387024,1.47499074461815,761,254.30489478499544
target3m_minv1000_lb252_entry2p0_exit0p25_contango_only_costx1p0,3,1000.0,252,2.0,0.25,contango_only,1.0,0.014058881207486305,0.001676796777843417,0.012516627094912271,0.0041827063553675275,0.003906431325931187,1.0707231246079785,1.8522182157755993,-0.0006666759731171787,0.0175,0.035,0.0059375,0.0875,10,0.8,0.0013108312319405847,2.4232746969769265,640,213.8700823421775
target1m_minv1000_lb252_entry1p5_exit0p25_contango_only_costx1p0,1,1000.0,252,1.5,0.25,contango_only,1.0,0.016428345198890165,0.004740060256818446,0.01179081223996478,0.003940159351003784,0.0023949827825256623,1.6451723076057496,2.84594405986386,-0.000863761907151199,0.04923076923076923,0.09846153846153846,0.01794871794871795,0.2141025641025641,35,0.8857142857142857,0.0003979853669490519,5.380340386165381,780,260.6541628545288
target1m_minv1000_lb126_entry2p0_exit0p25_backwardation_only_costx1p0,1,1000.0,126,2.0,0.25,backwardation_only,1.0,0.014875492027098217,0.003417682812498042,0.011533887636207102,0.0038543023413766184,0.005175747789062627,0.7446851157472387,1.2882128952888765,-0.007705985752033465,0.07179487179487179,0.14358974358974358,0.014871794871794871,0.3128205128205128,29,0.7931034482758621,0.0004432029456977953,4.671877748479995,780,260.6541628545288
target3m_minv500_lb126_entry1p5_exit0p25_backwardation_only_costx3p0,3,500.0,126,1.5,0.25,backwardation_only,3.0,0.025975558472318534,0.017312646020926564,0.011269518721325379,0.003765957651385265,0.006744423541872255,0.5583809539843688,0.9659298006575417,-0.00921399153880716,0.08173455978975033,0.16346911957950067,0.024178712220762153,0.3088042049934297,46,0.717391304347826,0.0003578262153121408,3.094584941146236,761,254.30489478499544
target1m_minv1000_lb126_entry1p5_exit0p25_both_costx3p0,1,1000.0,126,1.5,0.25,both,3.0,0.04587056557237576,0.03571234908026782,0.0111443126404697,0.0037241172844753503,0.005962093277730216,0.6246325092540536,1.080536774835766,-0.010342602285225627,0.1671794871794872,0.3343589743589744,0.05384615384615385,0.5641025641025641,95,0.7368421052631579,0.00025051022408233267,5.514762270457312,780,260.6541628545288
target1m_minv500_lb126_entry1p5_exit0p25_backwardation_only_costx3p0,1,500.0,126,1.5,0.25,backwardation_only,3.0,0.031982385130243145,0.023456621500604468,0.011118389826785726,0.003715454605886081,0.005670292563172339,0.6552491894364281,1.1334998345073615,-0.008163365010584546,0.10521091811414392,0.21042183622828783,0.036724565756823827,0.39081885856079407,74,0.7432432432432432,0.00025789923686865855,4.23757358478375,806,269.3426349496798
target6m_minv10_lb252_entry2p0_exit0p25_contango_only_costx1p0,6,10.0,252,2.0,0.25,contango_only,1.0,0.011322752192240647,0.000427182800595283,0.011034380459170507,0.0036873810271839235,0.004179626449783852,0.8822274123025075,1.5261440104990314,-7.478033277249791e-05,0.0009269988412514484,0.0018539976825028969,0.0018539976825028969,0.0034762456546929316,4,1.0,0.002777290197985752,3.4200113229060904,863,288.39043915828
target3m_minv1000_lb126_entry2p0_exit0p25_contango_only_costx3p0,3,1000.0,126,2.0,0.25,contango_only,3.0,0.016103376319009266,0.005798759150562001,0.010900337368513362,0.003642587579002293,0.0038793172099967576,0.9389764697807059,1.62431284198635,-0.0014469996277205349,0.0246875,0.049375,0.0084375,0.1234375,14,0.8571428571428571,0.0009191060890180017,2.4347306497205454,640,213.8700823421775
target1m_minv500_lb252_entry2p0_exit0p25_contango_only_costx1p0,1,500.0,252,2.0,0.25,contango_only,1.0,0.01767629311026775,0.007086332910727352,0.010827030162702847,0.0036180903631539024,0.0038473704101962304,0.9404060377356196,1.6267858172550496,-0.004439147056099497,0.04218362282878412,0.08436724565756824,0.019602977667493797,0.19230769230769232,40,0.85,0.0003290944502058274,2.2764773982304596,806,269.3426349496798
target6m_minv10_lb252_entry2p0_exit0p25_contango_only_costx3p0,6,10.0,252,2.0,0.25,contango_only,3.0,0.011322752192240647,0.0012815484017858491,0.010457636993030229,0.0034946495075062135,0.004030509822890299,0.8670489990271711,1.499887237941288,-0.00022434099831749373,0.0009269988412514484,0.0018539976825028969,0.0018539976825028969,0.0034762456546929316,4,1.0,0.002670494497836931,3.365903031716147,863,288.39043915828
target3m_minv500_lb252_entry2p0_exit0p25_backwardation_only_costx3p0,3,500.0,252,2.0,0.25,backwardation_only,3.0,0.019059924622900275,0.010880595304412072,0.010154072327792668,0.003393206695083506,0.006538388771131642,0.518966799598278,0.8977482016657036,-0.00805734354992846,0.078580814717477,0.157161629434954,0.014191852825229962,0.27463863337713534,27,0.7037037037037037,0.0004667463331935509,2.641811493582037,761,254.30489478499544
target3m_minv1000_lb126_entry1p5_exit0p25_contango_only_costx3p0,3,1000.0,126,1.5,0.25,contango_only,3.0,0.0197620696171831,0.010540310897655647,0.010105617225980459,0.003377014356623388,0.004091588670739798,0.8253552906658118,1.4277622932797822,-0.0018905111683766638,0.036875000000000005,0.07375000000000001,0.015312500000000001,0.1828125,25,0.64,0.0005662161068351614,2.404825415764564,640,213.8700823421775
target1m_minv500_lb126_entry2p0_exit0p25_backwardation_only_costx3p0,1,500.0,126,2.0,0.25,backwardation_only,3.0,0.02333572773453781,0.014818591924951913,0.010016411542701754,0.0033472043147043146,0.005414808402391209,0.6181574796305205,1.0693357766124523,-0.007705985752033465,0.07146401985111663,0.14292803970223325,0.02332506203473946,0.2990074441687345,47,0.8936170212765957,0.000327824700586759,4.02965386526686,806,269.3426349496798
target1m_minv500_lb126_entry2p0_exit0p25_both_costx3p0,1,500.0,126,2.0,0.25,both,3.0,0.04573145038817775,0.03801549032582589,0.009926445684955057,0.003317140243760142,0.00687988501548015,0.48215053540813246,0.8340606305256281,-0.008088440755622915,0.1270471464019851,0.2540942928039702,0.04491315136476427,0.4640198511166253,84,0.8333333333333334,0.0002669260535057044,2.5618648999882105,806,269.3426349496798
target3m_minv500_lb126_entry2p0_exit0p25_backwardation_only_costx3p0,3,500.0,126,2.0,0.25,backwardation_only,3.0,0.01970069081943286,0.012487318754638141,0.009591743069907347,0.003205292000259523,0.006457152634141285,0.4963940271927278,0.8587001048522303,-0.008262421831068572,0.06176084099868594,0.12352168199737187,0.017345597897503284,0.23390275952693823,33,0.696969696969697,0.000389763036666686,2.7898775311479826,761,254.30489478499544
target1m_minv1000_lb126_entry2p0_exit0p25_contango_only_costx1p0,1,1000.0,126,2.0,0.25,contango_only,1.0,0.012411454035038018,0.003066540934634563,0.009479455765672844,0.003167768726817938,0.0018303457263242721,1.730694196871483,2.9938863219715652,-0.0006666759731171787,0.03717948717948718,0.07435897435897436,0.012307692307692308,0.18461538461538463,24,0.9166666666666666,0.00044825175382846703,6.022617751294053,780,260.6541628545288
target3m_minv1000_lb252_entry2p0_exit0p25_contango_only_costx3p0,3,1000.0,252,2.0,0.25,contango_only,3.0,0.014058881207486305,0.005030390333530251,0.009432118869764212,0.003151950061465122,0.003834115677850673,0.8220800639046032,1.4220965571725814,-0.0014469996277205349,0.0175,0.035,0.0059375,0.0875,10,0.8,0.0011207174543244936,2.159673431965679,640,213.8700823421775
target1m_minv500_lb126_entry1p5_exit0p25_both_costx3p0,1,500.0,126,1.5,0.25,both,3.0,0.06544606055960396,0.06102837322596984,0.008932407407693011,0.0029849604809330946,0.00731654778589831,0.4079738926445907,0.705744237842866,-0.011861610782139417,0.2012406947890819,0.4024813895781638,0.07220843672456576,0.6240694789081885,134,0.746268656716418,0.0002007982753359284,2.4923609081105638,806,269.3426349496798
target1m_minv1000_lb252_entry1p5_exit0p25_both_costx3p0,1,1000.0,252,1.5,0.25,both,3.0,0.042703200378358515,0.034833363273209794,0.0084717488449946,0.0028310212860331906,0.005989910598273556,0.4726316427576001,0.8175941267618435,-0.010762341548000164,0.18641025641025646,0.37282051282051293,0.046666666666666676,0.6307692307692307,80,0.7,0.00022528832290833535,4.026455248003901,780,260.6541628545288
target1m_minv1000_lb126_entry2p0_exit0p25_both_costx3p0,1,1000.0,126,2.0,0.25,both,3.0,0.027286946062136237,0.019452671241397816,0.008466138081367362,0.002829146325909816,0.005430715910434896,0.5209527385650441,0.9011836297844429,-0.008328041132695259,0.10897435897435898,0.21794871794871795,0.027179487179487184,0.4307692307692308,49,0.7755102040816326,0.00030242059148359,4.540367272446496,780,260.6541628545288
target1m_minv1000_lb252_entry2p0_exit0p25_both_costx3p0,1,1000.0,252,2.0,0.25,both,3.0,0.028173617794365606,0.02025353926010696,0.00835984959062965,0.002793627687994034,0.005530182690129668,0.5051601085403801,0.8738643384247863,-0.007980379636905654,0.11282051282051282,0.22564102564102564,0.02512820512820513,0.4371794871794872,44,0.7727272727272727,0.00032539017599763487,4.0849813340363825,780,260.6541628545288
target3m_minv1000_lb252_entry1p5_exit0p25_contango_only_costx3p0,3,1000.0,252,1.5,0.25,contango_only,3.0,0.0170368089635912,0.009540962701781387,0.008283658666133849,0.0027681668140945915,0.004080851175202269,0.6783307440652712,1.173428061468571,-0.003131087850587655,0.0390625,0.078125,0.0128125,0.190625,21,0.6190476190476191,0.0005635128577664428,1.9534590135682444,640,213.8700823421775
target1m_minv1000_lb126_entry1p5_exit0p25_backwardation_only_costx3p0,1,1000.0,126,1.5,0.25,backwardation_only,3.0,0.027357913412338338,0.019704279684340336,0.008140055778422629,0.0027201787493768208,0.005521466340199018,0.4926551357512709,0.852232286351337,-0.008568649462962194,0.10435897435897437,0.20871794871794874,0.0317948717948718,0.41025641025641024,62,0.7741935483870968,0.0002661029580964979,4.682741841199446,780,260.6541628545288
target3m_minv500_lb126_entry2p0_exit0p25_contango_only_costx3p0,3,500.0,126,2.0,0.25,contango_only,3.0,0.02151342035289673,0.015371362637263365,0.007623933695428968,0.002547705198769836,0.005468793634110172,0.4658623764625511,0.8058841355876861,-0.006011661570582831,0.03758212877792379,0.07516425755584757,0.014191852825229962,0.17871222076215507,28,0.8214285714285714,0.0004264770438191407,1.2418057767006296,761,254.30489478499544
target1m_minv1000_lb252_entry2p0_exit0p25_contango_only_costx1p0,1,1000.0,252,2.0,0.25,contango_only,1.0,0.00994525900554647,0.0026341657787015632,0.0074136205247379685,0.0024774244251240096,0.0016205910722670652,1.528716569848993,2.644490076245429,-0.0006666759731171787,0.02435897435897436,0.04871794871794872,0.009743589743589744,0.12179487179487179,19,0.8947368421052632,0.00045126995903705584,4.9560119485551875,780,260.6541628545288
target3m_minv500_lb252_entry1p5_exit0p25_backwardation_only_costx3p0,3,500.0,252,1.5,0.25,backwardation_only,3.0,0.0210136215425108,0.01600829438917822,0.00734049459014964,0.0024529877850431436,0.006907333038527261,0.3551280604773263,0.6143275020701474,-0.008473666776337253,0.1035479632063075,0.207095926412615,0.01997371879106439,0.37844940867279897,38,0.6578947368421053,0.0002932330163747267,2.2616739194799518,761,254.30489478499544
target3m_minv1000_lb252_entry2p0_exit0p25_both_costx3p0,3,1000.0,252,2.0,0.25,both,3.0,0.016623907397560277,0.01060307054986887,0.006814840791795221,0.0022773290020157407,0.006819946342641502,0.3339218356861274,0.5776433631519077,-0.00805734354992846,0.07468749999999999,0.14937499999999998,0.0140625,0.3203125,22,0.6818181818181818,0.0003132116438002949,1.1911989610027442,640,213.8700823421775
target3m_minv1000_lb126_entry2p0_exit0p25_both_costx3p0,3,1000.0,126,2.0,0.25,both,3.0,0.015924100233238092,0.010624086416850424,0.006220015383403514,0.0020785550034658133,0.006716369693559579,0.30947596667571303,0.5353550415112112,-0.00805734354992846,0.0753125,0.150625,0.0159375,0.3140625,25,0.68,0.00025618728256444076,1.1054104059745726,640,213.8700823421775
target3m_minv1000_lb126_entry1p5_exit0p25_both_costx3p0,3,1000.0,126,1.5,0.25,both,3.0,0.023337943326512595,0.01854849330142714,0.006159730581963086,0.002058409510578241,0.006928717961570496,0.29708374940285087,0.5139180424970655,-0.008208094324041706,0.0984375,0.196875,0.0265625,0.409375,42,0.6428571428571429,0.0002239914218681472,1.5129370761621361,640,213.8700823421775
target1m_minv1000_lb252_entry2p0_exit0p25_backwardation_only_costx3p0,1,1000.0,252,2.0,0.25,backwardation_only,3.0,0.01822835878881914,0.01235104192400227,0.0060095060275086815,0.0020082086702173335,0.005363768050429786,0.3744025937244658,0.6476700541832301,-0.007481950736894352,0.08846153846153847,0.17692307692307693,0.015384615384615382,0.37435897435897436,30,0.7666666666666667,0.00035850040263231024,3.360245436163859,780,260.6541628545288
target1m_minv1000_lb252_entry1p5_exit0p25_backwardation_only_costx3p0,1,1000.0,252,1.5,0.25,backwardation_only,3.0,0.02627485517946835,0.020613182502754453,0.005956002522880582,0.0019903292968729484,0.005648753554869389,0.35234840350881064,0.6095190402443348,-0.00898838872573673,0.1371794871794872,0.2743589743589744,0.02871794871794872,0.5269230769230769,56,0.7321428571428571,0.00025253002731205675,3.54686984996162,780,260.6541628545288
target1m_minv500_lb252_entry2p0_exit0p25_backwardation_only_costx3p0,1,500.0,252,2.0,0.25,backwardation_only,3.0,0.021147887372622163,0.01658507788056096,0.005922835554752518,0.001979245824678277,0.005472888521475201,0.36164555826632794,0.6256019649528705,-0.007050984427677184,0.08312655086848635,0.1662531017369727,0.02481389578163772,0.3535980148883375,50,0.76,0.0002253417420965917,2.3536380007088855,806,269.3426349496798
target3m_minv500_lb252_entry1p5_exit0p25_contango_only_costx3p0,3,500.0,252,1.5,0.25,contango_only,3.0,0.0265721716960177,0.023770685201956875,0.005302154257022969,0.0017718315117819208,0.005775550878938956,0.3067813874245411,0.5306937535851669,-0.00755742893611751,0.0630749014454665,0.126149802890933,0.02049934296977661,0.29303547963206306,40,0.75,0.0002938876182567124,1.046818987925049,761,254.30489478499544
target1m_minv1000_lb126_entry2p0_exit0p25_backwardation_only_costx3p0,1,1000.0,126,2.0,0.25,backwardation_only,3.0,0.014875492027098217,0.010253048437494127,0.004850678854424872,0.0016209610718926663,0.005156987724685381,0.31432323643771287,0.5437402170468957,-0.007829612232683957,0.07179487179487179,0.14358974358974358,0.014871794871794871,0.3128205128205128,29,0.7586206896551724,0.0003037128352245435,3.0990492218154175,780,260.6541628545288
target1m_minv500_lb252_entry1p5_exit0p25_backwardation_only_costx3p0,1,500.0,252,1.5,0.25,backwardation_only,3.0,0.028678852560746242,0.026736142115450803,0.004748722866523971,0.0015868902351307234,0.0058510121141703,0.27121636465040055,0.46917067491732223,-0.008552910944518224,0.1193548387096774,0.2387096774193548,0.03722084367245657,0.45285359801488834,75,0.6666666666666666,0.00016817189820552924,2.364206002737977,806,269.3426349496798
target3m_minv1000_lb252_entry1p5_exit0p25_both_costx3p0,3,1000.0,252,1.5,0.25,both,3.0,0.021612864915968547,0.01842249567851511,0.004368557590073131,0.0014598496429773205,0.007248370828894402,0.2014038295554468,0.34840364726982465,-0.00805734354992846,0.1103125,0.220625,0.025,0.45,38,0.6052631578947368,0.00020277835307528798,1.2150071396766893,640,213.8700823421775
target3m_minv500_lb252_entry2p0_exit0p25_contango_only_costx3p0,3,500.0,252,2.0,0.25,contango_only,3.0,0.01764122086990056,0.014535302245658913,0.004137515614175462,0.0013826418829621112,0.0053541399755538364,0.2582379036175814,0.446719546903698,-0.0061651584559741165,0.03180026281208936,0.06360052562417871,0.011038107752956638,0.15243101182654403,22,0.7727272727272727,0.0003857812699882724,0.8808556723938334,761,254.30489478499544
target1m_minv1000_lb126_entry2p0_exit0p25_contango_only_costx3p0,1,1000.0,126,2.0,0.25,contango_only,3.0,0.012411454035038018,0.009199622803903688,0.0036154592269424914,0.00120818525401715,0.0018235060330019964,0.6625616982621888,1.146149567887364,-0.001612210784096962,0.03717948717948718,0.07435897435897436,0.012307692307692308,0.18461538461538463,24,0.7916666666666666,0.00031046742523223265,4.175532163406451,780,260.6541628545288
target1m_minv500_lb252_entry2p0_exit0p25_both_costx3p0,1,500.0,252,2.0,0.25,both,3.0,0.03882418048288991,0.03784407661274301,0.003051339822325563,0.001019672342273021,0.0067124977086768225,0.15190654604692896,0.26277948539375384,-0.00894411525316885,0.12531017369727046,0.2506203473945409,0.04441687344913151,0.47890818858560796,83,0.7469879518072289,0.00020439937880138215,2.0784682163593207,806,269.3426349496798
target1m_minv1000_lb126_entry1p5_exit0p25_contango_only_costx3p0,1,1000.0,126,1.5,0.25,contango_only,3.0,0.018512652160037425,0.01600806939592748,0.0030042568620470746,0.0010039385350985306,0.002516258408396897,0.3989806975898543,0.6901871257234239,-0.0036777322253275166,0.06282051282051282,0.12564102564102564,0.022051282051282053,0.2717948717948718,43,0.6976744186046512,0.00023600448917583935,3.7532302103954747,780,260.6541628545288
target1m_minv500_lb252_entry1p5_exit0p25_both_costx3p0,1,500.0,252,1.5,0.25,both,3.0,0.058938305815931444,0.06072667778890348,0.002651596018781426,0.0008860891544921462,0.007373508730705433,0.12017198146144638,0.20788262434346239,-0.01245747107876384,0.1992555831265509,0.3985111662531018,0.06774193548387097,0.6464019851116626,127,0.6929133858267716,0.0001747592151089744,2.106501681132361,806,269.3426349496798
target1m_minv1000_lb252_entry1p5_exit0p25_contango_only_costx3p0,1,1000.0,252,1.5,0.25,contango_only,3.0,0.016428345198890165,0.014220180770455337,0.0025157463221140174,0.0008406919891602423,0.0023845850144146533,0.3525527435919947,0.6098725232462314,-0.0036172530006843926,0.04923076923076923,0.09846153846153846,0.01794871794871795,0.2141025641025641,35,0.6857142857142857,0.00025519351805343215,3.383033444121246,780,260.6541628545288
target1m_minv1000_lb252_entry2p0_exit0p25_contango_only_costx3p0,1,1000.0,252,2.0,0.25,contango_only,3.0,0.00994525900554647,0.00790249733610469,0.00235034356312097,0.000785419017776701,0.0016601721724900252,0.4730949179799121,0.8183955354416065,-0.001612210784096962,0.02435897435897436,0.04871794871794872,0.009743589743589744,0.12179487179487179,19,0.7894736842105263,0.0003069405081062762,3.438267124691701,780,260.6541628545288
target6m_minv500_lb126_entry1p5_exit0p25_both_costx1p0,6,500.0,126,1.5,0.25,both,1.0,0.0026798903775468105,0.0006127550660419356,0.002241323681834031,0.0007566021023936042,0.001961629274975596,0.38570086205662735,0.663848728265093,-0.0031393097722943334,0.05314685314685314,0.10629370629370628,0.011188811188811189,0.25524475524475526,8,0.875,0.0002829194011186666,1.479193481818644,286,96.54482439926063
target3m_minv500_lb126_entry1p5_exit0p25_contango_only_costx3p0,3,500.0,126,1.5,0.25,contango_only,3.0,0.024970838281307927,0.025862683581812634,0.0020890529731022816,0.0006981030177727433,0.005920643076594762,0.1179099987520705,0.20396967478462158,-0.008648166179469632,0.06780551905387648,0.13561103810775296,0.024704336399474378,0.3061760840998686,48,0.6875,0.00018775262548962235,0.7847600184613517,761,254.30489478499544
target6m_minv500_lb126_entry1p5_exit0p25_backwardation_only_costx1p0,6,500.0,126,1.5,0.25,backwardation_only,1.0,0.0024933185353305303,0.0005487243312892898,0.0020867672069940744,0.0007044285788859387,0.0018457179953160331,0.38165558372059044,0.6568862007132045,-0.00329386624713429,0.05104895104895105,0.1020979020979021,0.00979020979020979,0.25524475524475526,7,0.8571428571428571,0.0003012569620156252,1.3703617089685574,286,96.54482439926063
target6m_minv500_lb252_entry1p5_exit0p25_backwardation_only_costx1p0,6,500.0,252,1.5,0.25,backwardation_only,1.0,0.0024933185353305303,0.0005487243312892898,0.0020867672069940744,0.0007044285788859387,0.0018457179953160331,0.38165558372059044,0.6568862007132045,-0.00329386624713429,0.05104895104895105,0.1020979020979021,0.00979020979020979,0.25524475524475526,7,0.8571428571428571,0.0003012569620156252,1.3703617089685574,286,96.54482439926063
target6m_minv500_lb252_entry1p5_exit0p25_both_costx1p0,6,500.0,252,1.5,0.25,both,1.0,0.002501367234842237,0.0006767858007945815,0.0020307851717531345,0.0006855307615368137,0.0019657239171459754,0.34874213797639103,0.6002372500637215,-0.0031393097722943334,0.05384615384615385,0.1076923076923077,0.01258741258741259,0.25874125874125875,9,0.7777777777777778,0.00022809074431871516,1.2859752626175753,286,96.54482439926063
target3m_minv1000_lb252_entry1p5_exit0p25_backwardation_only_costx1p0,3,1000.0,252,1.5,0.25,backwardation_only,1.0,0.004576055952377347,0.002960510992244574,0.0017456702762313257,0.000583354133937321,0.005965997559940686,0.09777981436906936,0.16914695232332472,-0.007929282080423167,0.07125000000000001,0.14250000000000002,0.0121875,0.3046875,20,0.7,0.000139652551209979,0.6437268669250532,640,213.8700823421775
target6m_minv500_lb126_entry2p0_exit0p25_both_costx1p0,6,500.0,126,2.0,0.25,both,1.0,0.0020324666535093353,0.0005046612770586859,0.0016699783794034834,0.0005637334594058432,0.0019017346337589995,0.2964311893986799,0.5102023030260461,-0.0030665632061733566,0.049650349650349646,0.09930069930069929,0.008391608391608392,0.23776223776223776,6,0.8333333333333334,0.0002783297299005806,1.0123473372465044,286,96.54482439926063
target6m_minv500_lb252_entry2p0_exit0p25_both_costx1p0,6,500.0,252,2.0,0.25,both,1.0,0.0020324666535093353,0.0005046612770586859,0.0016699783794034834,0.0005637334594058432,0.0019017346337589995,0.2964311893986799,0.5102023030260461,-0.0030665632061733566,0.049650349650349646,0.09930069930069929,0.008391608391608392,0.23776223776223776,6,0.8333333333333334,0.0002783297299005806,1.0123473372465044,286,96.54482439926063
target6m_minv500_lb252_entry2p0_exit0p25_backwardation_only_costx1p0,6,500.0,252,2.0,0.25,backwardation_only,1.0,0.0018458948112930554,0.00044063054230604,0.0015154219045635262,0.0005115599358981774,0.0017818728732378842,0.2870911520015507,0.4941267051780892,-0.003221119681013313,0.04755244755244755,0.0951048951048951,0.006993006993006993,0.23776223776223776,5,0.8,0.00030308438091270525,0.9037648230059371,286,96.54482439926063
target6m_minv500_lb126_entry2p0_exit0p25_backwardation_only_costx1p0,6,500.0,126,2.0,0.25,backwardation_only,1.0,0.0018458948112930554,0.00044063054230604,0.0015154219045635262,0.0005115599358981774,0.0017818728732378842,0.2870911520015507,0.4941267051780892,-0.003221119681013313,0.04755244755244755,0.0951048951048951,0.006993006993006993,0.23776223776223776,5,0.8,0.00030308438091270525,0.9037648230059371,286,96.54482439926063
target6m_minv500_lb126_entry1p5_exit0p25_both_costx3p0,6,500.0,126,1.5,0.25,both,3.0,0.0026798903775468105,0.001838265198125807,0.001364190290408471,0.0004605087833379797,0.0019530927015020561,0.23578439619574548,0.40582012372147086,-0.003732097157814227,0.05314685314685314,0.10629370629370628,0.011188811188811189,0.25524475524475526,8,0.75,0.00017878560896929713,1.03230901218999,286,96.54482439926063
target6m_minv500_lb252_entry1p5_exit0p25_backwardation_only_costx3p0,6,500.0,252,1.5,0.25,backwardation_only,3.0,0.0024933185353305303,0.0016461729938678695,0.0012736645503211596,0.00042995007116894966,0.0018489575973317245,0.23253646908367234,0.4002299565868926,-0.003822622897901538,0.05104895104895105,0.1020979020979021,0.00979020979020979,0.25524475524475526,7,0.7142857142857143,0.00019139416166672366,0.9596004501655866,286,96.54482439926063
target6m_minv500_lb126_entry1p5_exit0p25_backwardation_only_costx3p0,6,500.0,126,1.5,0.25,backwardation_only,3.0,0.0024933185353305303,0.0016461729938678695,0.0012736645503211596,0.00042995007116894966,0.0018489575973317245,0.23253646908367234,0.4002299565868926,-0.003822622897901538,0.05104895104895105,0.1020979020979021,0.00979020979020979,0.25524475524475526,7,0.7142857142857143,0.00019139416166672366,0.9596004501655866,286,96.54482439926063
target6m_minv500_lb252_entry1p5_exit0p25_both_costx3p0,6,500.0,252,1.5,0.25,both,3.0,0.002501367234842237,0.0020303574023837444,0.0010896210455749286,0.00036782263114255333,0.0019598232513648715,0.18768153244757768,0.32302791850093404,-0.003732097157814227,0.05384615384615385,0.1076923076923077,0.01258741258741259,0.25874125874125875,9,0.6666666666666666,0.0001284128474356483,0.7984322328211435,286,96.54482439926063
target3m_minv1000_lb126_entry1p5_exit0p25_backwardation_only_costx1p0,3,1000.0,126,1.5,0.25,backwardation_only,1.0,0.0035758737093294964,0.002669394134590498,0.0010686202582138728,0.0003571029728386249,0.005598095113569156,0.0637900867337976,0.11034893887951144,-0.008113705470675801,0.0615625,0.123125,0.01125,0.2625,18,0.7222222222222222,0.00011008101893959676,0.5746628708280055,640,213.8700823421775
target6m_minv500_lb126_entry2p0_exit0p25_both_costx3p0,6,500.0,126,2.0,0.25,both,3.0,0.0020324666535093353,0.0015139838311760577,0.0009450018311917766,0.00031900362185101333,0.0019014451058967051,0.16776904095823159,0.288755549802284,-0.0034830983747708346,0.049650349650349646,0.09930069930069929,0.008391608391608392,0.23776223776223776,6,0.6666666666666666,0.00015750030519862945,0.6243345468646285,286,96.54482439926063
target6m_minv500_lb252_entry2p0_exit0p25_both_costx3p0,6,500.0,252,2.0,0.25,both,3.0,0.0020324666535093353,0.0015139838311760577,0.0009450018311917766,0.00031900362185101333,0.0019014451058967051,0.16776904095823159,0.288755549802284,-0.0034830983747708346,0.049650349650349646,0.09930069930069929,0.008391608391608392,0.23776223776223776,6,0.6666666666666666,0.00015750030519862945,0.6243345468646285,286,96.54482439926063
target6m_minv500_lb252_entry2p0_exit0p25_backwardation_only_costx3p0,6,500.0,252,2.0,0.25,backwardation_only,3.0,0.0018458948112930554,0.0013218916269181202,0.0008544760911044653,0.00028844490968198334,0.0017942900247891838,0.16075712716280274,0.2766870000174083,-0.0035736241148581456,0.04755244755244755,0.0951048951048951,0.006993006993006993,0.23776223776223776,5,0.6,0.00017089521822089308,0.5539025074849774,286,96.54482439926063
target6m_minv500_lb126_entry2p0_exit0p25_backwardation_only_costx3p0,6,500.0,126,2.0,0.25,backwardation_only,3.0,0.0018458948112930554,0.0013218916269181202,0.0008544760911044653,0.00028844490968198334,0.0017942900247891838,0.16075712716280274,0.2766870000174083,-0.0035736241148581456,0.04755244755244755,0.0951048951048951,0.006993006993006993,0.23776223776223776,5,0.6,0.00017089521822089308,0.5539025074849774,286,96.54482439926063
target3m_minv1000_lb252_entry2p0_exit0p25_backwardation_only_costx1p0,3,1000.0,252,2.0,0.25,backwardation_only,1.0,0.00256502619007397,0.001857560072112873,0.0008375914340596486,0.00027989960776787434,0.005642255132056765,0.04960775456210943,0.08581526309829689,-0.007929282080423167,0.05718749999999999,0.11437499999999998,0.008125,0.2375,13,0.6923076923076923,0.00011163909120527123,0.4349837267308671,640,213.8700823421775
target6m_minv500_lb252_entry2p0_exit0p25_contango_only_costx1p0,6,500.0,252,2.0,0.25,contango_only,1.0,0.00018657184221628,6.40307347526458e-05,0.00015455647483995712,5.217352350766575e-05,0.0004890958165936318,0.10667342008981938,0.18360087112254833,-0.0005287616844152986,0.0020979020979020983,0.004195804195804197,0.0013986013986013986,0.01048951048951049,1,1.0,0.00015455647483995712,,286,96.54482439926063
target6m_minv500_lb126_entry1p5_exit0p25_contango_only_costx1p0,6,500.0,126,1.5,0.25,contango_only,1.0,0.00018657184221628,6.40307347526458e-05,0.00015455647483995712,5.217352350766575e-05,0.0004890958165936318,0.10667342008981938,0.18360087112254833,-0.0005287616844152986,0.0020979020979020983,0.004195804195804197,0.0013986013986013986,0.01048951048951049,1,1.0,0.00015455647483995712,,286,96.54482439926063
target6m_minv500_lb126_entry2p0_exit0p25_contango_only_costx1p0,6,500.0,126,2.0,0.25,contango_only,1.0,0.00018657184221628,6.40307347526458e-05,0.00015455647483995712,5.217352350766575e-05,0.0004890958165936318,0.10667342008981938,0.18360087112254833,-0.0005287616844152986,0.0020979020979020983,0.004195804195804197,0.0013986013986013986,0.01048951048951049,1,1.0,0.00015455647483995712,,286,96.54482439926063
target6m_minv500_lb126_entry2p0_exit0p25_contango_only_costx3p0,6,500.0,126,2.0,0.25,contango_only,3.0,0.00018657184221628,0.00019209220425793743,9.052574008731128e-05,3.055871216902999e-05,0.00045932443846283976,0.06652968927866494,0.11450752114997675,-0.0005287616844152986,0.0020979020979020983,0.004195804195804197,0.0013986013986013986,0.01048951048951049,1,1.0,9.052574008731128e-05,,286,96.54482439926063
target6m_minv500_lb126_entry1p5_exit0p25_contango_only_costx3p0,6,500.0,126,1.5,0.25,contango_only,3.0,0.00018657184221628,0.00019209220425793743,9.052574008731128e-05,3.055871216902999e-05,0.00045932443846283976,0.06652968927866494,0.11450752114997675,-0.0005287616844152986,0.0020979020979020983,0.004195804195804197,0.0013986013986013986,0.01048951048951049,1,1.0,9.052574008731128e-05,,286,96.54482439926063
target6m_minv500_lb252_entry2p0_exit0p25_contango_only_costx3p0,6,500.0,252,2.0,0.25,contango_only,3.0,0.00018657184221628,0.00019209220425793743,9.052574008731128e-05,3.055871216902999e-05,0.00045932443846283976,0.06652968927866494,0.11450752114997675,-0.0005287616844152986,0.0020979020979020983,0.004195804195804197,0.0013986013986013986,0.01048951048951049,1,1.0,9.052574008731128e-05,,286,96.54482439926063
target6m_minv1000_lb252_entry1p5_exit0p25_contango_only_costx1p0,6,1000.0,252,1.5,0.25,contango_only,1.0,0.0,0.0,0.0,0.0,0.0,,,0.0,0.0,0.0,0.0,0.0,0,,,,71,24.168452935694315
target6m_minv1000_lb126_entry2p0_exit0p25_contango_only_costx1p0,6,1000.0,126,2.0,0.25,contango_only,1.0,0.0,0.0,0.0,0.0,0.0,,,0.0,0.0,0.0,0.0,0.0,0,,,,71,24.168452935694315
target6m_minv1000_lb126_entry2p0_exit0p25_contango_only_costx3p0,6,1000.0,126,2.0,0.25,contango_only,3.0,0.0,0.0,0.0,0.0,0.0,,,0.0,0.0,0.0,0.0,0.0,0,,,,71,24.168452935694315
target6m_minv1000_lb252_entry2p0_exit0p25_backwardation_only_costx1p0,6,1000.0,252,2.0,0.25,backwardation_only,1.0,0.0,0.0,0.0,0.0,0.0,,,0.0,0.0,0.0,0.0,0.0,0,,,,71,24.168452935694315
target6m_minv1000_lb252_entry2p0_exit0p25_backwardation_only_costx3p0,6,1000.0,252,2.0,0.25,backwardation_only,3.0,0.0,0.0,0.0,0.0,0.0,,,0.0,0.0,0.0,0.0,0.0,0,,,,71,24.168452935694315
target6m_minv1000_lb252_entry2p0_exit0p25_both_costx1p0,6,1000.0,252,2.0,0.25,both,1.0,0.0,0.0,0.0,0.0,0.0,,,0.0,0.0,0.0,0.0,0.0,0,,,,71,24.168452935694315
target6m_minv1000_lb252_entry2p0_exit0p25_both_costx3p0,6,1000.0,252,2.0,0.25,both,3.0,0.0,0.0,0.0,0.0,0.0,,,0.0,0.0,0.0,0.0,0.0,0,,,,71,24.168452935694315
target6m_minv1000_lb252_entry1p5_exit0p25_both_costx1p0,6,1000.0,252,1.5,0.25,both,1.0,0.0,0.0,0.0,0.0,0.0,,,0.0,0.0,0.0,0.0,0.0,0,,,,71,24.168452935694315
target6m_minv1000_lb252_entry1p5_exit0p25_contango_only_costx3p0,6,1000.0,252,1.5,0.25,contango_only,3.0,0.0,0.0,0.0,0.0,0.0,,,0.0,0.0,0.0,0.0,0.0,0,,,,71,24.168452935694315
target6m_minv1000_lb126_entry1p5_exit0p25_both_costx3p0,6,1000.0,126,1.5,0.25,both,3.0,0.0,0.0,0.0,0.0,0.0,,,0.0,0.0,0.0,0.0,0.0,0,,,,71,24.168452935694315
target6m_minv1000_lb126_entry1p5_exit0p25_both_costx1p0,6,1000.0,126,1.5,0.25,both,1.0,0.0,0.0,0.0,0.0,0.0,,,0.0,0.0,0.0,0.0,0.0,0,,,,71,24.168452935694315
target6m_minv1000_lb126_entry1p5_exit0p25_contango_only_costx1p0,6,1000.0,126,1.5,0.25,contango_only,1.0,0.0,0.0,0.0,0.0,0.0,,,0.0,0.0,0.0,0.0,0.0,0,,,,71,24.168452935694315
target6m_minv1000_lb126_entry1p5_exit0p25_contango_only_costx3p0,6,1000.0,126,1.5,0.25,contango_only,3.0,0.0,0.0,0.0,0.0,0.0,,,0.0,0.0,0.0,0.0,0.0,0,,,,71,24.168452935694315
target6m_minv1000_lb126_entry1p5_exit0p25_backwardation_only_costx1p0,6,1000.0,126,1.5,0.25,backwardation_only,1.0,0.0,0.0,0.0,0.0,0.0,,,0.0,0.0,0.0,0.0,0.0,0,,,,71,24.168452935694315
target6m_minv1000_lb126_entry1p5_exit0p25_backwardation_only_costx3p0,6,1000.0,126,1.5,0.25,backwardation_only,3.0,0.0,0.0,0.0,0.0,0.0,,,0.0,0.0,0.0,0.0,0.0,0,,,,71,24.168452935694315
target6m_minv1000_lb126_entry2p0_exit0p25_both_costx1p0,6,1000.0,126,2.0,0.25,both,1.0,0.0,0.0,0.0,0.0,0.0,,,0.0,0.0,0.0,0.0,0.0,0,,,,71,24.168452935694315
target6m_minv1000_lb126_entry2p0_exit0p25_both_costx3p0,6,1000.0,126,2.0,0.25,both,3.0,0.0,0.0,0.0,0.0,0.0,,,0.0,0.0,0.0,0.0,0.0,0,,,,71,24.168452935694315
target6m_minv1000_lb126_entry2p0_exit0p25_backwardation_only_costx3p0,6,1000.0,126,2.0,0.25,backwardation_only,3.0,0.0,0.0,0.0,0.0,0.0,,,0.0,0.0,0.0,0.0,0.0,0,,,,71,24.168452935694315
target6m_minv1000_lb126_entry2p0_exit0p25_backwardation_only_costx1p0,6,1000.0,126,2.0,0.25,backwardation_only,1.0,0.0,0.0,0.0,0.0,0.0,,,0.0,0.0,0.0,0.0,0.0,0,,,,71,24.168452935694315
target6m_minv1000_lb252_entry2p0_exit0p25_contango_only_costx3p0,6,1000.0,252,2.0,0.25,contango_only,3.0,0.0,0.0,0.0,0.0,0.0,,,0.0,0.0,0.0,0.0,0.0,0,,,,71,24.168452935694315
target6m_minv1000_lb252_entry1p5_exit0p25_both_costx3p0,6,1000.0,252,1.5,0.25,both,3.0,0.0,0.0,0.0,0.0,0.0,,,0.0,0.0,0.0,0.0,0.0,0,,,,71,24.168452935694315
target6m_minv1000_lb252_entry1p5_exit0p25_backwardation_only_costx1p0,6,1000.0,252,1.5,0.25,backwardation_only,1.0,0.0,0.0,0.0,0.0,0.0,,,0.0,0.0,0.0,0.0,0.0,0,,,,71,24.168452935694315
target6m_minv1000_lb252_entry1p5_exit0p25_backwardation_only_costx3p0,6,1000.0,252,1.5,0.25,backwardation_only,3.0,0.0,0.0,0.0,0.0,0.0,,,0.0,0.0,0.0,0.0,0.0,0,,,,71,24.168452935694315
target6m_minv1000_lb252_entry2p0_exit0p25_contango_only_costx1p0,6,1000.0,252,2.0,0.25,contango_only,1.0,0.0,0.0,0.0,0.0,0.0,,,0.0,0.0,0.0,0.0,0.0,0,,,,71,24.168452935694315
target6m_minv500_lb252_entry1p5_exit0p25_contango_only_costx1p0,6,500.0,252,1.5,0.25,contango_only,1.0,8.048699511706265e-06,0.0001280614695052916,-5.59820352409395e-05,-1.889781734912491e-05,0.0005042371034397635,-0.03747803805037217,-0.06450529502305745,-0.0007393001944961952,0.002797202797202797,0.005594405594405594,0.002797202797202797,0.013986013986013986,2,0.5,-2.799101762046975e-05,-0.15333553610185974,286,96.54482439926063
target1m_minv500_lb126_entry2p0_exit0p25_contango_only_costx3p0,1,500.0,126,2.0,0.25,contango_only,3.0,0.022395722653639934,0.02319689840087398,-8.99658577466954e-05,-3.0064070944172458e-05,0.00460266661784718,-0.006531881068160966,-0.011299344171871797,-0.0065752745985724285,0.05558312655086848,0.11116625310173696,0.02158808933002481,0.24689826302729528,44,0.75,0.00016824557869921336,0.923554696046623,806,269.3426349496798
target6m_minv500_lb252_entry1p5_exit0p25_contango_only_costx3p0,6,500.0,252,1.5,0.25,contango_only,3.0,8.048699511706265e-06,0.00038418440851587486,-0.00018404350474623117,-6.212744002639643e-05,0.00048629886609279603,-0.12775567528167175,-0.21988657767618466,-0.0008033309292488411,0.002797202797202797,0.005594405594405594,0.002797202797202797,0.013986013986013986,2,0.5,-9.202175237311558e-05,-0.504097597468036,286,96.54482439926063
target3m_minv1000_lb126_entry2p0_exit0p25_backwardation_only_costx1p0,3,1000.0,126,2.0,0.25,backwardation_only,1.0,-0.00017927608577117393,0.0016084424220961409,-0.0016796247188840653,-0.0005612835577057685,0.005501833504410023,-0.10201754692428784,-0.1764777040853498,-0.007929282080423167,0.05062500000000001,0.10125000000000002,0.0075000000000000015,0.2109375,12,0.5833333333333334,-9.113791103297954e-05,-0.3640259063797105,640,213.8700823421775
target1m_minv500_lb252_entry1p5_exit0p25_contango_only_costx3p0,1,500.0,252,1.5,0.25,contango_only,3.0,0.030259453255185195,0.03399053567345267,-0.002097126847742543,-0.0007008010806385764,0.00500441377242399,-0.14003659819262484,-0.2422459477024873,-0.0083369903253551,0.07990074441687346,0.15980148883374692,0.030521091811414394,0.3325062034739454,62,0.7419354838709677,0.0001440098307373418,0.9011202475385821,806,269.3426349496798
target1m_minv500_lb126_entry1p5_exit0p25_contango_only_costx3p0,1,500.0,126,1.5,0.25,contango_only,3.0,0.033463675429360816,0.037571751725365365,-0.002185982419092716,-0.0007304941249529868,0.005068247382625674,-0.1441315053912275,-0.24932962931059618,-0.008834987229628083,0.09602977667493798,0.19205955334987596,0.035483870967741936,0.38461538461538464,72,0.75,0.00013463417944493006,0.9744866082227306,806,269.3426349496798
target3m_minv1000_lb252_entry2p0_exit0p25_backwardation_only_costx3p0,3,1000.0,252,2.0,0.25,backwardation_only,3.0,0.00256502619007397,0.005572680216338619,-0.0026172780779689935,-0.0008746210594493825,0.005709608532586405,-0.1531840676042262,-0.2649894392511885,-0.00805734354992846,0.05718749999999999,0.11437499999999998,0.008125,0.2375,13,0.6153846153846154,-5.970214024172028e-05,-0.23830359092550146,640,213.8700823421775
target1m_minv500_lb252_entry2p0_exit0p25_contango_only_costx3p0,1,500.0,252,2.0,0.25,contango_only,3.0,0.01767629311026775,0.02125899873218206,-0.0028714957324269563,-0.0009595734824052569,0.0043028384217686675,-0.22300941572675353,-0.3857786318473321,-0.006679195966402387,0.04218362282878412,0.08436724565756824,0.019602977667493797,0.19230769230769232,40,0.725,0.00010346869510409477,0.5386154368619397,806,269.3426349496798
target3m_minv1000_lb252_entry1p5_exit0p25_backwardation_only_costx3p0,3,1000.0,252,1.5,0.25,backwardation_only,3.0,0.004576055952377347,0.00888153297673372,-0.0039151010760607174,-0.001308317171117271,0.006072068387383102,-0.21546482807008052,-0.37272743087198945,-0.00805734354992846,0.07125000000000001,0.14250000000000002,0.0121875,0.3046875,20,0.6,-3.8647941607797665e-05,-0.18129403077189385,640,213.8700823421775
target3m_minv1000_lb126_entry1p5_exit0p25_backwardation_only_costx3p0,3,1000.0,126,1.5,0.25,backwardation_only,3.0,0.0035758737093294964,0.008008182403771493,-0.0039458866440173716,-0.0013186048460451464,0.005690240442976125,-0.23173095394814044,-0.40086581133563387,-0.008208094324041706,0.0615625,0.123125,0.01125,0.2625,18,0.6666666666666666,-6.707624421782044e-05,-0.35332852764632006,640,213.8700823421775
target3m_minv1000_lb126_entry2p0_exit0p25_backwardation_only_costx3p0,3,1000.0,126,2.0,0.25,backwardation_only,3.0,-0.00017927608577117393,0.0048253272662884235,-0.004680321985109847,-0.0015640325755364793,0.005564122580236152,-0.28109240099992533,-0.486254992987831,-0.00805734354992846,0.05062500000000001,0.10125000000000002,0.0075000000000000015,0.2109375,12,0.5,-0.00024353438547040964,-0.9937259069310115,640,213.8700823421775
