feature,root,horizon,spearman_ic,pvalue,observations,bh_qvalue
rv_z_GC,GC,1,-0.1106060735632193,3.657701606231502e-306,113649,2.5603911243620514e-304
rv_z_GC,GC,2,-0.11424040715579531,0.0,113648,0.0
rv_z_GC,GC,5,-0.11751916969701018,0.0,113645,0.0
rv_z_GC,GC,10,-0.11744568898824265,0.0,113640,0.0
rv_z_GC,GC,20,-0.1133769193314014,0.0,113630,0.0
rv_z_GC,GC,50,-0.11165223575693331,0.0,113600,0.0
rv_z_GC,SI,1,0.042449864709965826,1.7151572046367497e-46,113649,2.4012200864914496e-45
rv_z_GC,SI,2,0.03743015804270879,1.5843225734261296e-36,113648,1.8744098051802098e-35
rv_z_GC,SI,5,0.03237991113395838,9.411542150154112e-28,113645,9.30081812485818e-27
rv_z_GC,SI,10,0.024208678092142673,3.2957519369780093e-16,113640,2.3865789888461446e-15
rv_z_GC,SI,20,0.012721117520215425,1.8005059951278965e-05,113630,7.450369635011985e-05
rv_z_GC,SI,50,-0.009697830624286466,0.0010805965910443628,113600,0.0036163391891524494
rv_z_GC,HG,1,-0.0012832159223126617,0.6653115877988042,113649,0.783817298388493
rv_z_GC,HG,2,-0.0026215326228391633,0.3768282076888944,113648,0.5662534784591615
rv_z_GC,HG,5,-0.003245130650609987,0.27397000645710423,113645,0.45484566526945575
rv_z_GC,HG,10,-0.003536605346851273,0.23318318309464575,113640,0.41675292297766475
rv_z_GC,HG,20,-0.009248927144194296,0.0018223250207573696,113630,0.005842568768840422
rv_z_GC,HG,50,-0.010333686215496489,0.0004958613860590051,113600,0.0017283135447699763
rv_z_GC,PL,1,0.017956489810747454,1.413896273537995e-09,113649,8.24772826230497e-09
rv_z_GC,PL,2,0.016453452488040563,2.9051952416910436e-08,113648,1.5252275018877978e-07
rv_z_GC,PL,5,0.011081207197820095,0.00018720137621799427,113645,0.0006866775372188435
rv_z_GC,PL,10,0.007053686246517389,0.017414445724350715,113640,0.04629156458371709
rv_z_GC,PL,20,-0.0012341476785245034,0.6773990047560196,113630,0.7947139161942129
rv_z_GC,PL,50,-0.01790664290204501,1.581969774849026e-09,113600,9.164514557746083e-09
rv_z_GC,PA,1,0.013338085866429565,6.902652495606291e-06,113649,2.9582796409741244e-05
rv_z_GC,PA,2,0.013557413787804973,4.863367252076916e-06,113648,2.1388630846830414e-05
rv_z_GC,PA,5,0.005897942507251753,0.04678217007697777,113645,0.1113230109480491
rv_z_GC,PA,10,0.0026681842601683687,0.36841257568932917,113640,0.554599576306517
rv_z_GC,PA,20,-0.0030672643426009963,0.3011657542051349,113630,0.48463454699676883
rv_z_GC,PA,50,-0.01622209719363315,4.554181467750512e-08,113600,2.3760946788263543e-07
rv_z_SI,GC,1,0.05596105613666808,1.662568943176372e-79,113649,3.9901654636232928e-78
rv_z_SI,GC,2,0.05638077729425198,1.124431929270585e-80,113648,2.778008295844974e-79
rv_z_SI,GC,5,0.05681713475530277,6.711786087136696e-82,113645,1.708454640362068e-80
rv_z_SI,GC,10,0.0554945998475486,3.291794065367746e-78,113640,7.680852819191408e-77
rv_z_SI,GC,20,0.053353665954152425,2.033196169733525e-72,113630,4.0663923394670494e-71
rv_z_SI,GC,50,0.057652974237687754,3.050009519281069e-84,113600,8.006274988112807e-83
rv_z_SI,SI,1,-0.0783805803680085,2.5189655896906035e-154,113649,8.816379563917112e-153
rv_z_SI,SI,2,-0.07779504776762781,4.746237757797372e-152,113648,1.5947358866199167e-150
rv_z_SI,SI,5,-0.07162822908439292,3.829925688090062e-129,113645,1.2373606069214046e-127
rv_z_SI,SI,10,-0.06505651850556116,7.945464429502109e-107,113640,2.3014448692350937e-105
rv_z_SI,SI,20,-0.054464846947848984,2.1605910196439885e-75,113630,4.653580657694745e-74
rv_z_SI,SI,50,-0.03175455331852236,9.609121850316936e-27,113600,9.385653900309565e-26
rv_z_SI,HG,1,0.037419331329516914,1.6583949044920002e-36,113649,1.9347940552406669e-35
rv_z_SI,HG,2,0.0378791240301661,2.2863903444112073e-37,113648,2.8243645430961973e-36
rv_z_SI,HG,5,0.03885593549432536,3.1385846006517935e-39,113645,3.9945622190113735e-38
rv_z_SI,HG,10,0.03566835330308188,2.541838027313731e-33,113640,2.809399924925703e-32
rv_z_SI,HG,20,0.03621494741210292,2.695834427059045e-34,113630,3.1020560530542434e-33
rv_z_SI,HG,50,0.042567992507026815,1.0097381541095727e-46,113600,1.4623793956069674e-45
rv_z_SI,PL,1,0.05015871174461327,3.2096198917921636e-64,113649,5.861045019794386e-63
rv_z_SI,PL,2,0.051097243936346966,1.405360085325104e-66,113648,2.623338825940194e-65
rv_z_SI,PL,5,0.05398057032254223,4.251432200838748e-74,113645,8.92800762176137e-73
rv_z_SI,PL,10,0.05448202002853958,1.912762290747476e-75,113640,4.2282113795470525e-74
rv_z_SI,PL,20,0.054988622513768806,8.159306919962322e-77,113630,1.8523831926400948e-75
rv_z_SI,PL,50,0.06574517179134984,5.022982152103008e-109,113600,1.5068946456309025e-107
rv_z_SI,PA,1,0.012112655091529863,4.436107520846143e-05,113649,0.00017577029799579057
rv_z_SI,PA,2,0.013542405044551308,4.98218111173143e-06,113648,2.1797042363825008e-05
rv_z_SI,PA,5,0.016646619573081462,1.998689382503236e-08,113645,1.0625943552548848e-07
rv_z_SI,PA,10,0.017084745679351962,8.425571460292625e-09,113640,4.595766251068705e-08
rv_z_SI,PA,20,0.018050571609860004,1.1641510134054175e-09,113630,6.838369589234621e-09
rv_z_SI,PA,50,0.025337391965533734,1.3290006074830989e-17,113600,9.967504556123242e-17
rv_z_HG,GC,1,-0.0004293741185884903,0.8849094860637458,113649,0.9398905565585829
rv_z_HG,GC,2,0.0004036164099703806,0.8917702605036776,113648,0.9437132082750965
rv_z_HG,GC,5,0.007079381096000376,0.01700714573218915,113645,0.04535238861917107
rv_z_HG,GC,10,0.010181427560537049,0.0005985631631583801,113640,0.0020776572605497494
rv_z_HG,GC,20,0.012278763081971376,3.485725251301551e-05,113630,0.00013942901005206204
rv_z_HG,GC,50,0.018980563669115352,1.576018658603292e-10,113600,9.593157052367864e-10
rv_z_HG,SI,1,0.02179027458373875,2.0316034462349928e-13,113649,1.3652375158699152e-12
rv_z_HG,SI,2,0.023140032891599036,6.100051146324925e-15,113648,4.200035215502408e-14
rv_z_HG,SI,5,0.02776025485067657,7.970926060784327e-21,113645,6.564292050057682e-20
rv_z_HG,SI,10,0.027711803546401192,9.321170160393072e-21,113640,7.601731004592409e-20
rv_z_HG,SI,20,0.02916414998205296,8.121187832580225e-23,113630,7.032781215842669e-22
rv_z_HG,SI,50,0.03765077330447822,6.351218969104789e-37,113600,7.731918744997135e-36
rv_z_HG,HG,1,-0.15117777107694455,0.0,113649,0.0
rv_z_HG,HG,2,-0.15195349371337663,0.0,113648,0.0
rv_z_HG,HG,5,-0.15111627390431093,0.0,113645,0.0
rv_z_HG,HG,10,-0.14979327513655916,0.0,113640,0.0
rv_z_HG,HG,20,-0.14713576976268425,0.0,113630,0.0
rv_z_HG,HG,50,-0.12969312676934933,0.0,113600,0.0
rv_z_HG,PL,1,0.01249675314800759,2.5199325078462498e-05,113649,0.00010176650512456009
rv_z_HG,PL,2,0.015851750868845774,9.082994465448019e-08,113648,4.596214066853214e-07
rv_z_HG,PL,5,0.02357133373268933,1.9075337947906893e-15,113645,1.3352736563534825e-14
rv_z_HG,PL,10,0.02574017312235826,4.010516275263486e-18,113640,3.090673092863604e-17
rv_z_HG,PL,20,0.035860735832736426,1.1631975932728216e-33,113630,1.3203864572286083e-32
rv_z_HG,PL,50,0.04677810228958604,4.636193609495198e-56,113600,7.211856725881419e-55
rv_z_HG,PA,1,0.0063095903459016375,0.033413561116985346,113649,0.08182912926608656
rv_z_HG,PA,2,0.010815065904695099,0.0002663424265110597,113648,0.0009400320935684459
rv_z_HG,PA,5,0.013979818759716135,2.4415197021857212e-06,113645,1.1330809667602243e-05
rv_z_HG,PA,10,0.014688435299484843,7.354437009908948e-07,113640,3.5709405134818015e-06
rv_z_HG,PA,20,0.013710442727898921,3.8037652791226646e-06,113630,1.7178294808941067e-05
rv_z_HG,PA,50,0.021988260476477995,1.245312711646486e-13,113600,8.435989336960066e-13
rv_z_PL,GC,1,0.02166587006539931,2.7779019477261544e-13,113649,1.8519346318174364e-12
rv_z_PL,GC,2,0.024597640859476366,1.1000920556800783e-16,113648,8.105941462905839e-16
rv_z_PL,GC,5,0.027689546639613694,9.986661533784698e-21,113645,8.066149700364564e-20
rv_z_PL,GC,10,0.031166301830625288,7.871897784017994e-26,113640,7.429656335477659e-25
rv_z_PL,GC,20,0.029300921202485973,5.1304679575703753e-23,113630,4.536413773009595e-22
rv_z_PL,GC,50,0.032657002987785254,3.430410410918316e-28,113600,3.51407895752608e-27
rv_z_PL,SI,1,0.035509492470004164,4.830078828434316e-33,113649,5.269176903746527e-32
rv_z_PL,SI,2,0.03917997578225096,7.365481823213336e-40,113648,9.518468817691082e-39
rv_z_PL,SI,5,0.039533071918813,1.5046251439839206e-40,113645,1.974820501478896e-39
rv_z_PL,SI,10,0.04168548788148782,6.845840265097918e-45,113640,9.427058725708607e-44
rv_z_PL,SI,20,0.04038670441755749,3.071619620664361e-42,113630,4.1615491634807476e-41
rv_z_PL,SI,50,0.03751198904176164,1.1537776600288716e-36,113600,1.384533192034646e-35
rv_z_PL,HG,1,0.0243670181498861,2.1091924961756316e-16,113649,1.5406275624239396e-15
rv_z_PL,HG,2,0.025249004988600433,1.6928977399388943e-17,113648,1.2584372580076736e-16
rv_z_PL,HG,5,0.028166376597896066,2.159742493008891e-21,113645,1.7962214793341274e-20
rv_z_PL,HG,10,0.03152261726237833,2.1852069843484863e-26,113640,2.085879394150828e-25
rv_z_PL,HG,20,0.033117202318282205,5.952288798376534e-29,113630,6.172743939057146e-28
rv_z_PL,HG,50,0.031102990654443823,1.0064806439183946e-25,113600,9.39381934323835e-25
rv_z_PL,PL,1,-0.10720112434850344,1.2541375710394256e-287,113649,7.524825426236553e-286
rv_z_PL,PL,2,-0.10769116469445118,2.949832461383486e-290,113648,1.9060455904324064e-288
rv_z_PL,PL,5,-0.10628450316316523,9.925545230988311e-283,113645,5.558305329353454e-281
rv_z_PL,PL,10,-0.1010885685756494,8.099901806232943e-256,113640,4.252448448272295e-254
rv_z_PL,PL,20,-0.09642990429113772,7.574351370249643e-233,113630,3.5346973061165e-231
rv_z_PL,PL,50,-0.09861645797614293,2.0386260213076232e-243,113600,1.0073210928814137e-241
rv_z_PL,PA,1,0.049250883295869095,5.584325176757244e-62,113649,9.772569059325176e-61
rv_z_PL,PA,2,0.048667941198274896,1.4610285590540102e-60,113648,2.5046203869497316e-59
rv_z_PL,PA,5,0.04810271027434297,3.343520141967794e-59,113645,5.5069743514763666e-58
rv_z_PL,PA,10,0.04541570464909786,5.832227936292934e-53,113640,8.9074026663383e-52
rv_z_PL,PA,20,0.039908073270923446,2.7687393176262623e-41,113630,3.691652423501683e-40
rv_z_PL,PA,50,0.028593833705127875,5.455782022964626e-22,113600,4.582856899290285e-21
rv_z_PA,GC,1,0.005843578991634743,0.04884126469739303,113649,0.11556806294594407
rv_z_PA,GC,2,0.005837485079121003,0.049078199720893965,113648,0.11580249372345768
rv_z_PA,GC,5,0.0038417204329561977,0.19529144761354528,113645,0.35661916520734355
rv_z_PA,GC,10,0.003941628829475506,0.1839355415548,113640,0.34487914041525
rv_z_PA,GC,20,0.004855747209891797,0.10166853286454906,113630,0.21457680303070656
rv_z_PA,GC,50,0.0051445926484666865,0.0829257626145569,113600,0.18282845300847195
rv_z_PA,SI,1,0.004939958688239743,0.09584411241475774,113649,0.20433770159491496
rv_z_PA,SI,2,0.004351425537316011,0.1423947828925631,113648,0.285469254486284
rv_z_PA,SI,5,0.002762652901894849,0.3516895979465271,113645,0.5332477658394995
rv_z_PA,SI,10,0.00276737332974261,0.3508778970818067,113640,0.5329790841748964
rv_z_PA,SI,20,0.001151957587486939,0.6977867803518014,113630,0.8118294951461401
rv_z_PA,SI,50,0.003103050043802303,0.2956249420527019,113600,0.48031905478582126
rv_z_PA,HG,1,0.01092159295904577,0.00023146386266600992,113649,0.0008308959172625998
rv_z_PA,HG,2,0.012021562646528532,5.061318190223488e-05,113648,0.00019774452464128977
rv_z_PA,HG,5,0.010850447153791675,0.00025429873499886453,113645,0.0009013119721478744
rv_z_PA,HG,10,0.00918685322505583,0.0019551070003001715,113640,0.006244448213886479
rv_z_PA,HG,20,0.009309013414050285,0.0017009711234907772,113630,0.005516663103213332
rv_z_PA,HG,50,0.008680819872922638,0.0034350717927161102,113600,0.010379353618278894
rv_z_PA,PL,1,0.05161168773068877,6.847080988553021e-68,113649,1.3375693093917529e-66
rv_z_PA,PL,2,0.05124360827945171,5.969409728339797e-67,113648,1.1396145845012339e-65
rv_z_PA,PL,5,0.04988733065403919,1.52290368162349e-63,113645,2.7217853033270884e-62
rv_z_PA,PL,10,0.04711349397117428,7.33161243904639e-57,113640,1.1619914054337675e-55
rv_z_PA,PL,20,0.04351460218386954,9.30122842579293e-49,113630,1.370707346958958e-47
rv_z_PA,PL,50,0.044923923677570005,7.703420237193322e-52,113600,1.1555130355789981e-50
rv_z_PA,PA,1,-0.08829988623510973,1.825988579864826e-195,113649,7.303954319459304e-194
rv_z_PA,PA,2,-0.09029729126461175,2.3952890660907825e-204,113648,1.0060214077581287e-202
rv_z_PA,PA,5,-0.09046267765070912,4.3661182522674065e-205,113645,1.930283858897169e-203
rv_z_PA,PA,10,-0.08715379459623639,1.918637895225508e-190,113640,7.325708327224667e-189
rv_z_PA,PA,20,-0.0785645556585425,5.1146503290999936e-155,113630,1.8679592506278237e-153
rv_z_PA,PA,50,-0.06676705017821725,2.1842482704686434e-112,113600,6.795439063680224e-111
md_rolling,GC,1,-0.0022940035519241012,0.436317061311162,115148,0.6190985329415136
md_rolling,GC,2,0.0005493304523545933,0.8521279291591118,115147,0.9204020695621007
md_rolling,GC,5,0.0006835408459422899,0.8165826203940892,115144,0.8990909485811656
md_rolling,GC,10,-0.0015975470087212283,0.5877659316263621,115139,0.7443319965963244
md_rolling,GC,20,-0.002428455606113749,0.40994899300575094,115129,0.5947446530653382
md_rolling,GC,50,-0.0030986653030246458,0.29314293814202136,115099,0.4772094341846859
md_rolling,SI,1,-0.002373398481114286,0.4206069379819172,115148,0.6060202880013902
md_rolling,SI,2,-0.002042700802170569,0.4882158389713569,115147,0.6609969069093522
md_rolling,SI,5,0.003227562875238844,0.2734308496074513,115144,0.45484566526945575
md_rolling,SI,10,0.0018761026728011437,0.5243884223871056,115139,0.692588482398064
md_rolling,SI,20,0.0015320290041341007,0.6031874462450431,115129,0.7473118803035932
md_rolling,SI,50,0.00024765880860528293,0.9330401968991423,115099,0.9534717340575176
md_rolling,HG,1,-0.0025040985825704053,0.39548105075364826,115148,0.5861784388795296
md_rolling,HG,2,-0.003232266433919234,0.27272613155667147,115147,0.45484566526945575
md_rolling,HG,5,-0.0002679993523655093,0.9275411409819679,115144,0.9534717340575176
md_rolling,HG,10,-0.003030899629515487,0.303742785073794,115139,0.4859884561180704
md_rolling,HG,20,-0.003927368258787556,0.18267202917118514,115129,0.34461015228171205
md_rolling,HG,50,0.004956676957932801,0.0926451961854629,115099,0.19954349947638161
md_rolling,PL,1,-0.00056626573225416,0.8476235277641747,115148,0.9204020695621007
md_rolling,PL,2,-0.00015699253503543198,0.9575150326889608,115147,0.9713920621482212
md_rolling,PL,5,0.0032392723248051607,0.2716942806004058,115144,0.45484566526945575
md_rolling,PL,10,-0.000268562706952213,0.9273908200052017,115139,0.9534717340575176
md_rolling,PL,20,-0.003345023524726179,0.25638388070789403,115129,0.443132633322286
md_rolling,PL,50,-0.005578165932884724,0.0584302071604292,115099,0.13410211479442766
md_rolling,PA,1,0.0014109981985829742,0.6320840395397715,115148,0.7628600477204139
md_rolling,PA,2,0.0013198663141103292,0.6542471989225365,115147,0.7740389395703249
md_rolling,PA,5,0.0032380259664011313,0.2718787617063974,115144,0.45484566526945575
md_rolling,PA,10,0.0015378904498137907,0.6017860849581882,115139,0.7473118803035932
md_rolling,PA,20,-0.003476657636896121,0.23814191532825923,115129,0.42069262449318595
md_rolling,PA,50,0.00037832844952032124,0.8978710153409225,115099,0.9437132082750965
md_expanding,GC,1,-0.0022940035519241012,0.436317061311162,115148,0.6190985329415136
md_expanding,GC,2,0.0005493304523545933,0.8521279291591118,115147,0.9204020695621007
md_expanding,GC,5,0.0006835408459422899,0.8165826203940892,115144,0.8990909485811656
md_expanding,GC,10,-0.0015975470087212283,0.5877659316263621,115139,0.7443319965963244
md_expanding,GC,20,-0.002428455606113749,0.40994899300575094,115129,0.5947446530653382
md_expanding,GC,50,-0.0030986653030246458,0.29314293814202136,115099,0.4772094341846859
md_expanding,SI,1,-0.002373398481114286,0.4206069379819172,115148,0.6060202880013902
md_expanding,SI,2,-0.002042700802170569,0.4882158389713569,115147,0.6609969069093522
md_expanding,SI,5,0.003227562875238844,0.2734308496074513,115144,0.45484566526945575
md_expanding,SI,10,0.0018761026728011437,0.5243884223871056,115139,0.692588482398064
md_expanding,SI,20,0.0015320290041341007,0.6031874462450431,115129,0.7473118803035932
md_expanding,SI,50,0.00024765880860528293,0.9330401968991423,115099,0.9534717340575176
md_expanding,HG,1,-0.0025040985825704053,0.39548105075364826,115148,0.5861784388795296
md_expanding,HG,2,-0.003232266433919234,0.27272613155667147,115147,0.45484566526945575
md_expanding,HG,5,-0.0002679993523655093,0.9275411409819679,115144,0.9534717340575176
md_expanding,HG,10,-0.003030899629515487,0.303742785073794,115139,0.4859884561180704
md_expanding,HG,20,-0.003927368258787556,0.18267202917118514,115129,0.34461015228171205
md_expanding,HG,50,0.004956676957932801,0.0926451961854629,115099,0.19954349947638161
md_expanding,PL,1,-0.00056626573225416,0.8476235277641747,115148,0.9204020695621007
md_expanding,PL,2,-0.00015699253503543198,0.9575150326889608,115147,0.9713920621482212
md_expanding,PL,5,0.0032392723248051607,0.2716942806004058,115144,0.45484566526945575
md_expanding,PL,10,-0.000268562706952213,0.9273908200052017,115139,0.9534717340575176
md_expanding,PL,20,-0.003345023524726179,0.25638388070789403,115129,0.443132633322286
md_expanding,PL,50,-0.005578165932884724,0.0584302071604292,115099,0.13410211479442766
md_expanding,PA,1,0.0014109981985829742,0.6320840395397715,115148,0.7628600477204139
md_expanding,PA,2,0.0013198663141103292,0.6542471989225365,115147,0.7740389395703249
md_expanding,PA,5,0.0032380259664011313,0.2718787617063974,115144,0.45484566526945575
md_expanding,PA,10,0.0015378904498137907,0.6017860849581882,115139,0.7473118803035932
md_expanding,PA,20,-0.003476657636896121,0.23814191532825923,115129,0.42069262449318595
md_expanding,PA,50,0.00037832844952032124,0.8978710153409225,115099,0.9437132082750965
md_ewma,GC,1,-0.0022940035519241012,0.436317061311162,115148,0.6190985329415136
md_ewma,GC,2,0.0005493304523545933,0.8521279291591118,115147,0.9204020695621007
md_ewma,GC,5,0.0006835408459422899,0.8165826203940892,115144,0.8990909485811656
md_ewma,GC,10,-0.0015975470087212283,0.5877659316263621,115139,0.7443319965963244
md_ewma,GC,20,-0.002428455606113749,0.40994899300575094,115129,0.5947446530653382
md_ewma,GC,50,-0.0030986653030246458,0.29314293814202136,115099,0.4772094341846859
md_ewma,SI,1,-0.002373398481114286,0.4206069379819172,115148,0.6060202880013902
md_ewma,SI,2,-0.002042700802170569,0.4882158389713569,115147,0.6609969069093522
md_ewma,SI,5,0.003227562875238844,0.2734308496074513,115144,0.45484566526945575
md_ewma,SI,10,0.0018761026728011437,0.5243884223871056,115139,0.692588482398064
md_ewma,SI,20,0.0015320290041341007,0.6031874462450431,115129,0.7473118803035932
md_ewma,SI,50,0.00024765880860528293,0.9330401968991423,115099,0.9534717340575176
md_ewma,HG,1,-0.0025040985825704053,0.39548105075364826,115148,0.5861784388795296
md_ewma,HG,2,-0.003232266433919234,0.27272613155667147,115147,0.45484566526945575
md_ewma,HG,5,-0.0002679993523655093,0.9275411409819679,115144,0.9534717340575176
md_ewma,HG,10,-0.003030899629515487,0.303742785073794,115139,0.4859884561180704
md_ewma,HG,20,-0.003927368258787556,0.18267202917118514,115129,0.34461015228171205
md_ewma,HG,50,0.004956676957932801,0.0926451961854629,115099,0.19954349947638161
md_ewma,PL,1,-0.00056626573225416,0.8476235277641747,115148,0.9204020695621007
md_ewma,PL,2,-0.00015699253503543198,0.9575150326889608,115147,0.9713920621482212
md_ewma,PL,5,0.0032392723248051607,0.2716942806004058,115144,0.45484566526945575
md_ewma,PL,10,-0.000268562706952213,0.9273908200052017,115139,0.9534717340575176
md_ewma,PL,20,-0.003345023524726179,0.25638388070789403,115129,0.443132633322286
md_ewma,PL,50,-0.005578165932884724,0.0584302071604292,115099,0.13410211479442766
md_ewma,PA,1,0.0014109981985829742,0.6320840395397715,115148,0.7628600477204139
md_ewma,PA,2,0.0013198663141103292,0.6542471989225365,115147,0.7740389395703249
md_ewma,PA,5,0.0032380259664011313,0.2718787617063974,115144,0.45484566526945575
md_ewma,PA,10,0.0015378904498137907,0.6017860849581882,115139,0.7473118803035932
md_ewma,PA,20,-0.003476657636896121,0.23814191532825923,115129,0.42069262449318595
md_ewma,PA,50,0.00037832844952032124,0.8978710153409225,115099,0.9437132082750965
GC_large_minus_small_share,GC,1,-0.0014921806739247273,0.6118450408844801,115648,0.7513654825411833
GC_large_minus_small_share,GC,2,-0.0022709250347740942,0.4399580204038501,115647,0.6232120356479496
GC_large_minus_small_share,GC,5,-0.00501720284002413,0.08797720088671263,115644,0.19195025648010028
GC_large_minus_small_share,GC,10,-0.009005066672238804,0.0021966662949242225,115639,0.00693684093133965
GC_large_minus_small_share,GC,20,-0.011830565322397747,5.746296088632948e-05,115629,0.00022346707011350352
GC_large_minus_small_share,GC,50,-0.01606754947004293,4.675303930210059e-08,115599,2.424231667516327e-07
GC_large_minus_small_share,SI,1,0.0006776511805768675,0.8177446246619173,115648,0.8990909485811656
GC_large_minus_small_share,SI,2,0.0018837211877997379,0.5217897266537412,115647,0.6924223860807941
GC_large_minus_small_share,SI,5,-0.002900553532537689,0.3239529157939817,115644,0.5076874053487773
GC_large_minus_small_share,SI,10,-0.002448330328481463,0.40509012396060107,115639,0.5907564307758766
GC_large_minus_small_share,SI,20,-0.003247667380832577,0.2694472481707636,115629,0.45484566526945575
GC_large_minus_small_share,SI,50,-0.006788069782907322,0.02100273122208414,115599,0.05496041815124822
GC_large_minus_small_share,HG,1,-0.0035463566248315056,0.22781659821494524,115648,0.4080297281461706
GC_large_minus_small_share,HG,2,-0.004635555299179579,0.11493351081161292,115647,0.2372092115030832
GC_large_minus_small_share,HG,5,-0.00473113681473146,0.10764165776564803,115644,0.2253720111455284
GC_large_minus_small_share,HG,10,-0.006343060264101654,0.031005459311414397,115639,0.07682768678934541
GC_large_minus_small_share,HG,20,-0.00492968912003113,0.09368011310569874,115629,0.20125650897387964
GC_large_minus_small_share,HG,50,-0.008723512102485273,0.0030169495349359463,115599,0.009249042369876623
GC_large_minus_small_share,PL,1,-8.489599512085716e-05,0.9769680182553913,115648,0.9839965651493149
GC_large_minus_small_share,PL,2,0.00056959604346301,0.8464108373090925,115647,0.9204020695621007
GC_large_minus_small_share,PL,5,0.0009686976485214842,0.7418409799169023,115644,0.8443718470598888
GC_large_minus_small_share,PL,10,-0.0011174721598206485,0.7039449473498732,115639,0.8147052769859385
GC_large_minus_small_share,PL,20,-0.005885761095915365,0.04534871227293281,115629,0.1082185179240442
GC_large_minus_small_share,PL,50,-0.00949657640481555,0.0012428476550084796,115599,0.004110204843335129
GC_large_minus_small_share,PA,1,-0.0067338964221386015,0.022021242639579185,115648,0.057092110547057144
GC_large_minus_small_share,PA,2,-0.007154491828170209,0.014973204574518457,115647,0.04032364758742266
GC_large_minus_small_share,PA,5,-0.00899514793851992,0.002221059900408855,115644,0.006987604181061567
GC_large_minus_small_share,PA,10,-0.014638120520863477,6.424023633396222e-07,115639,3.1373138674725737e-06
GC_large_minus_small_share,PA,20,-0.02087310327439056,1.261713205567303e-12,115629,8.152608405204112e-12
GC_large_minus_small_share,PA,50,-0.032222952673299554,6.0504718828536915e-28,115599,6.123369134454338e-27
SI_large_minus_small_share,GC,1,-0.005491676735129155,0.061824599161483994,115648,0.14150589453854648
SI_large_minus_small_share,GC,2,-0.004705551592168421,0.10955326708304418,115647,0.22778402066771564
SI_large_minus_small_share,GC,5,-0.006186431566372507,0.03539725976131575,115644,0.08618463246233399
SI_large_minus_small_share,GC,10,-0.007773660678756978,0.008205332987685426,115639,0.023129126542468986
SI_large_minus_small_share,GC,20,-0.013450204015183367,4.789562185028486e-06,115629,2.1174906502231204e-05
SI_large_minus_small_share,GC,50,-0.03066224741682428,1.8579246170442764e-25,115599,1.7150073388101013e-24
SI_large_minus_small_share,SI,1,0.00010488434922039446,0.9715473289000518,115648,0.9832994086439503
SI_large_minus_small_share,SI,2,-0.003972991324619794,0.17666905332836647,115647,0.3372772836268814
SI_large_minus_small_share,SI,5,-0.0011188173191895609,0.7035993209138229,115644,0.8147052769859385
SI_large_minus_small_share,SI,10,-0.0038085292013461526,0.19528261783191428,115639,0.35661916520734355
SI_large_minus_small_share,SI,20,-0.011126404737512547,0.00015462074068435972,115629,0.0005787521682909837
SI_large_minus_small_share,SI,50,-0.02550684713093808,4.186405707921965e-18,115599,3.1680908059950007e-17
SI_large_minus_small_share,HG,1,-0.005025258274025798,0.08746302409668734,115648,0.19132536521150356
SI_large_minus_small_share,HG,2,-0.006809689808043693,0.0205709954265202,115647,0.05416813842720053
SI_large_minus_small_share,HG,5,-0.007960723707758896,0.006785852811405006,115644,0.019588028733952597
SI_large_minus_small_share,HG,10,-0.010770726176290445,0.000249540334987683,115639,0.0008919739633602286
SI_large_minus_small_share,HG,20,-0.017284719763380144,4.154602751858019e-09,115629,2.311169742755454e-08
SI_large_minus_small_share,HG,50,-0.02921152719190901,2.9646341093288555e-23,115599,2.6777340342325145e-22
SI_large_minus_small_share,PL,1,-0.006745103802820495,0.021801261583373702,115648,0.05669677934995018
SI_large_minus_small_share,PL,2,-0.008007379625647537,0.006467704312441078,115647,0.018734040077415533
SI_large_minus_small_share,PL,5,-0.008740238656419631,0.00295605373996737,115644,0.00909554996913037
SI_large_minus_small_share,PL,10,-0.013405300858267128,5.146471648895172e-06,115639,2.237802860175775e-05
SI_large_minus_small_share,PL,20,-0.02333335742802578,2.099345931618251e-15,115629,1.4573971756688686e-14
SI_large_minus_small_share,PL,50,-0.03760964665486091,1.8264674306528383e-37,115599,2.2898994652960956e-36
SI_large_minus_small_share,PA,1,-0.004233414281498843,0.149966292187207,115648,0.2971030316916365
SI_large_minus_small_share,PA,2,-0.0071541967547643906,0.01497735481818556,115647,0.04032364758742266
SI_large_minus_small_share,PA,5,-0.01142502018324375,0.00010219062148900781,115644,0.0003919640276290711
SI_large_minus_small_share,PA,10,-0.017727903584187986,1.6506667415211204e-09,115639,9.496986732039324e-09
SI_large_minus_small_share,PA,20,-0.0286104524875907,2.231393057476923e-22,115629,1.89330320028345e-21
SI_large_minus_small_share,PA,50,-0.04215454819900548,1.2537721520595024e-46,115599,1.7850315385253933e-45
HG_large_minus_small_share,GC,1,-0.0022009416990850785,0.45417771565330156,115648,0.632685375039425
HG_large_minus_small_share,GC,2,-0.004326195469430129,0.14123800306947867,115647,0.284443563655682
HG_large_minus_small_share,GC,5,-0.007742701832421191,0.008462672849495853,115644,0.02369548397858839
HG_large_minus_small_share,GC,10,-0.013134018177741909,7.952313267580556e-06,115639,3.39083408363841e-05
HG_large_minus_small_share,GC,20,-0.0144866005619251,8.381537078380804e-07,115629,4.023137797622786e-06
HG_large_minus_small_share,GC,50,-0.029075382512106108,4.7132687234802433e-23,115599,4.2118571571525575e-22
HG_large_minus_small_share,SI,1,-0.00156778126001234,0.5939291623815934,115648,0.7473118803035932
HG_large_minus_small_share,SI,2,-0.0014885177683312326,0.6127206613579887,115647,0.7513654825411833
HG_large_minus_small_share,SI,5,-0.0017021299834086687,0.5627049092854224,115644,0.7302637227560022
HG_large_minus_small_share,SI,10,-0.006662726738998055,0.023469154682224505,115639,0.06010393272277008
HG_large_minus_small_share,SI,20,-0.008800989010489575,0.0027648773882146026,115629,0.008538591934192156
HG_large_minus_small_share,SI,50,-0.01895495641900187,1.1547349956486267e-10,115599,7.080126980619317e-10
HG_large_minus_small_share,HG,1,0.0023500021318470714,0.4241981900777793,115648,0.6080656649579089
HG_large_minus_small_share,HG,2,0.0021415376296927686,0.46645214177504446,115647,0.6449394714461603
HG_large_minus_small_share,HG,5,-0.0018616446270796109,0.5266857597973452,115644,0.6945306722602355
HG_large_minus_small_share,HG,10,-0.0006794425720324124,0.8172783135395528,115639,0.8990909485811656
HG_large_minus_small_share,HG,20,-0.003477144943587042,0.237059574525621,115629,0.42069262449318595
HG_large_minus_small_share,HG,50,-0.007943720458041526,0.006915905547682596,115599,0.019827169488236793
HG_large_minus_small_share,PL,1,-0.0023802205607705287,0.41826475482431724,115648,0.6057627483662525
HG_large_minus_small_share,PL,2,-0.003405795383918776,0.24678379635467973,115647,0.43097378157574007
HG_large_minus_small_share,PL,5,-0.008666723300329355,0.0032059299477602125,115644,0.009792658749522103
HG_large_minus_small_share,PL,10,-0.014838327653807505,4.509062925467353e-07,115639,2.2149782791769452e-06
HG_large_minus_small_share,PL,20,-0.015739232796903955,8.685095591983566e-08,115629,4.421503210464361e-07
HG_large_minus_small_share,PL,50,-0.029526016536076373,1.007684604447754e-23,115599,9.200598562349058e-23
HG_large_minus_small_share,PA,1,0.0022187533393804686,0.4505337333502639,115648,0.6296977304729147
HG_large_minus_small_share,PA,2,0.001335614414885132,0.6496874023863884,115647,0.7740389395703249
HG_large_minus_small_share,PA,5,-0.0030468117643066076,0.30015347104163376,115644,0.48393265964486054
HG_large_minus_small_share,PA,10,-0.00545159226836664,0.0637609456445844,115639,0.14514686813401328
HG_large_minus_small_share,PA,20,-0.007218649306177749,0.014102023140252655,115629,0.03835470617549575
HG_large_minus_small_share,PA,50,-0.018402637577392068,3.9161944996209075e-10,115599,2.333052042327349e-09
PL_large_minus_small_share,GC,1,0.0005496082373960574,0.8517362271568847,115648,0.9204020695621007
PL_large_minus_small_share,GC,2,0.0008149819749350797,0.7816670452365906,115647,0.8746182340490181
PL_large_minus_small_share,GC,5,-0.0003178183408894406,0.9139341103667367,115644,0.951306880679131
PL_large_minus_small_share,GC,10,-0.0013442691990125707,0.647582004019039,115639,0.7735842549977229
PL_large_minus_small_share,GC,20,-0.007334593965838036,0.012628361292624471,115629,0.034666089822890704
PL_large_minus_small_share,GC,50,-0.019500488438662693,3.341074071834311e-11,115599,2.0788905335857934e-10
PL_large_minus_small_share,SI,1,0.004923302403121479,0.09407904906208243,115648,0.2015979622758909
PL_large_minus_small_share,SI,2,0.004292836681866155,0.14433072645277675,115647,0.2872933891477073
PL_large_minus_small_share,SI,5,0.0067190268044975635,0.022318403283025225,115644,0.057507542201660086
PL_large_minus_small_share,SI,10,0.004413193051624086,0.1334254593404178,115639,0.2700659899902433
PL_large_minus_small_share,SI,20,0.005294749038419489,0.07179219630904185,115629,0.16081451973225375
PL_large_minus_small_share,SI,50,-0.0072190589601999885,0.014109052628843079,115599,0.03835470617549575
PL_large_minus_small_share,HG,1,0.0005351046475108381,0.8556051749856696,115648,0.9204020695621007
PL_large_minus_small_share,HG,2,-0.002828154491209462,0.3361704213372278,115647,0.5181342273821492
PL_large_minus_small_share,HG,5,0.002774843011163129,0.34536500713962637,115644,0.5265853993067171
PL_large_minus_small_share,HG,10,-0.0004926790489611433,0.8669472775014102,115639,0.93005838199385
PL_large_minus_small_share,HG,20,0.0015102989483946497,0.6075590997540422,115629,0.7494121054234881
PL_large_minus_small_share,HG,50,-0.004994168412516181,0.08950735743515251,115599,0.19478285037701581
PL_large_minus_small_share,PL,1,-0.0014503911952659808,0.6218498675573164,115648,0.7565955335568156
PL_large_minus_small_share,PL,2,-0.001587348154735551,0.5893331872272337,115647,0.7444208680765058
PL_large_minus_small_share,PL,5,0.00044975876331521466,0.8784413067688411,115644,0.9359491548873519
PL_large_minus_small_share,PL,10,-0.0024513353127359723,0.4045138511355642,115639,0.5907564307758766
PL_large_minus_small_share,PL,20,-0.009864137752573443,0.00079573864266442,115629,0.0027171563408053367
PL_large_minus_small_share,PL,50,-0.019123110963132406,7.907284159264071e-11,115599,4.883910804251338e-10
PL_large_minus_small_share,PA,1,-0.001174349880882644,0.6896296814497926,115648,0.8045679616914246
PL_large_minus_small_share,PA,2,-0.0025328391047528933,0.38905498866031657,115647,0.5804728072374172
PL_large_minus_small_share,PA,5,-0.0038442644482696523,0.19111446509726285,115644,0.3518461694750571
PL_large_minus_small_share,PA,10,-0.012506575019943554,2.108567249011258e-05,115639,8.598041209560468e-05
PL_large_minus_small_share,PA,20,-0.020150528988630973,7.248883447568096e-12,115629,4.5440761910128365e-11
PL_large_minus_small_share,PA,50,-0.03214465763369706,8.118269833803484e-28,115599,8.118269833803484e-27
PA_large_minus_small_share,GC,1,0.0009564002149783253,0.7449993346410041,115648,0.8458899411472093
PA_large_minus_small_share,GC,2,0.006987600586904901,0.017488639737151725,115647,0.04634213684292571
PA_large_minus_small_share,GC,5,0.009213073122129538,0.0017298607960467914,115644,0.0055887810333819414
PA_large_minus_small_share,GC,10,0.006619920370036317,0.02437585517260391,115639,0.06223622597260572
PA_large_minus_small_share,GC,20,0.011298317900617411,0.00012204032361871377,115629,0.000465972144725998
PA_large_minus_small_share,GC,50,0.013233384482196318,6.812001279730562e-06,115599,2.9344005512685495e-05
PA_large_minus_small_share,SI,1,0.004138595009092528,0.1593072633033899,115648,0.31193030576887537
PA_large_minus_small_share,SI,2,0.0068224403477543496,0.020335298420245874,115647,0.05371588261951741
PA_large_minus_small_share,SI,5,0.009441862723285828,0.0013232868892490723,115644,0.004342035105348518
PA_large_minus_small_share,SI,10,0.011015952694148503,0.00017958439731491333,115639,0.0006616267269496807
PA_large_minus_small_share,SI,20,0.016441559593565008,2.2557209984084508e-08,115629,1.19170165953654e-07
PA_large_minus_small_share,SI,50,0.017914029605703284,1.1209083155543815e-09,115599,6.630725246941411e-09
PA_large_minus_small_share,HG,1,0.003973088620610662,0.17665658475226217,115648,0.3372772836268814
PA_large_minus_small_share,HG,2,0.006007417433184924,0.04105902608846839,115647,0.09882401694645687
PA_large_minus_small_share,HG,5,0.0032517306795895808,0.26881751627958905,115644,0.45484566526945575
PA_large_minus_small_share,HG,10,9.454985659818661e-05,0.9743508140711321,115639,0.983719571898739
PA_large_minus_small_share,HG,20,-0.000688822745569515,0.8148090627314805,115629,0.8990909485811656
PA_large_minus_small_share,HG,50,-0.005805645363346712,0.048392412572768995,115599,0.1148294535625027
PA_large_minus_small_share,PL,1,0.003711566292869705,0.2068821495499142,115648,0.3753369451877493
PA_large_minus_small_share,PL,2,0.0039393354500025955,0.18036338202662086,115647,0.34354929909832543
PA_large_minus_small_share,PL,5,0.005603364472702999,0.05671500130639233,115644,0.13160387043472252
PA_large_minus_small_share,PL,10,0.005215892290353146,0.07611354923319523,115639,0.16958987097051456
PA_large_minus_small_share,PL,20,0.005357796853832917,0.06847428989027433,115629,0.15545514461575796
PA_large_minus_small_share,PL,50,0.006489452540005048,0.027355746791767804,115599,0.06942243898817207
PA_large_minus_small_share,PA,1,0.004959770112747032,0.09166796933840571,115648,0.1989692357732837
PA_large_minus_small_share,PA,2,0.005030168065595804,0.08715551258739775,115647,0.1911504714710551
PA_large_minus_small_share,PA,5,0.005670736562956264,0.05380390222240102,115644,0.1255424385189357
PA_large_minus_small_share,PA,10,0.0024577733120716583,0.4032808729314284,115639,0.5907564307758766
PA_large_minus_small_share,PA,20,0.0017234193974009927,0.557855227798237,115629,0.7253845067345498
PA_large_minus_small_share,PA,50,-0.0028356922539791826,0.33498440867735296,115599,0.5172553369282656
large_small_l1_distance,GC,1,-0.004342716817362353,0.13972356384178808,115648,0.28213411929591825
large_small_l1_distance,GC,2,-0.0053235864850858135,0.07023678873491158,115647,0.15775107630301
large_small_l1_distance,GC,5,-0.006394139765710975,0.02967361181711712,115644,0.0740479832702413
large_small_l1_distance,GC,10,-0.007748597788703643,0.008414256682493276,115639,0.023638714425733617
large_small_l1_distance,GC,20,-0.010465591839141716,0.0003725438609543506,115629,0.0013093591765759602
large_small_l1_distance,GC,50,-0.021163117245535542,6.193340834340398e-13,115599,4.064379922535886e-12
large_small_l1_distance,SI,1,0.001354731609365923,0.6450141440972734,115648,0.7718117963557117
large_small_l1_distance,SI,2,0.0005396548285335146,0.854391622295414,115647,0.9204020695621007
large_small_l1_distance,SI,5,0.0009203413639047317,0.7543017125337865,115644,0.8504878369508466
large_small_l1_distance,SI,10,0.0012566680558628194,0.6691355213486372,115639,0.7872182604101614
large_small_l1_distance,SI,20,0.001650824456571531,0.5745623514036307,115629,0.7357200841144051
large_small_l1_distance,SI,50,-0.006030436767717933,0.040331643848900374,115599,0.0973522437732078
large_small_l1_distance,HG,1,-0.003173867600651038,0.28044062128100156,115648,0.463720712354412
large_small_l1_distance,HG,2,-0.00558857521216974,0.05736804640228319,115647,0.13275250407139913
large_small_l1_distance,HG,5,-0.00421306202497443,0.15194229044512444,115644,0.30030946817389303
large_small_l1_distance,HG,10,-0.004300329923970682,0.1436453938111366,115639,0.28660838670155525
large_small_l1_distance,HG,20,-0.003912519608150883,0.18338183103562533,115629,0.34461015228171205
large_small_l1_distance,HG,50,-0.005722122217697993,0.05171386455301921,115599,0.12167968130122168
large_small_l1_distance,PL,1,-0.0005345440792315412,0.8557547813428579,115648,0.9204020695621007
large_small_l1_distance,PL,2,-0.0022251250750176385,0.4492361688084889,115647,0.6296977304729147
large_small_l1_distance,PL,5,0.000780658977336042,0.790646083733286,115644,0.87849564859254
large_small_l1_distance,PL,10,-0.0002698556642210719,0.9268844258844661,115639,0.9534717340575176
large_small_l1_distance,PL,20,-0.00424582524029103,0.14880859613934513,115629,0.2955064320497634
large_small_l1_distance,PL,50,-0.013645996051108994,3.4877280310447214e-06,115599,1.6097206297129483e-05
large_small_l1_distance,PA,1,-0.0037504621274856713,0.20216326470403104,115648,0.3675695721891474
large_small_l1_distance,PA,2,-0.005646994212030472,0.054812082396780794,115647,0.12754057953821568
large_small_l1_distance,PA,5,-0.008502688990178186,0.0038342542478595077,115644,0.011543991283878088
large_small_l1_distance,PA,10,-0.012642568381878444,1.7132016619948952e-05,115639,7.148970363889665e-05
large_small_l1_distance,PA,20,-0.021078906656482654,7.58538146053624e-13,115629,4.93931816034918e-12
large_small_l1_distance,PA,50,-0.03546301866903014,1.6963288090890776e-33,115599,1.899888266179767e-32
very_large_small_l1_distance,GC,1,-0.004746197154942568,0.10652012378359525,115648,0.22369225994555003
very_large_small_l1_distance,GC,2,-0.002902953299042219,0.32354648594476115,115647,0.5076874053487773
very_large_small_l1_distance,GC,5,-0.00485884934972118,0.0984703454522747,115644,0.20887649035330996
very_large_small_l1_distance,GC,10,-0.005324172566763715,0.07021560964298669,115639,0.15775107630301
very_large_small_l1_distance,GC,20,-0.007709783354842311,0.00875012050833363,115629,0.024338083533113408
very_large_small_l1_distance,GC,50,-0.017311249187941732,3.952318704329792e-09,115599,2.2132984744246834e-08
very_large_small_l1_distance,SI,1,0.004472955513223651,0.1282317971313427,115648,0.2611440491233303
very_large_small_l1_distance,SI,2,0.0028855311721891316,0.32645889509161324,115647,0.5082391302561585
very_large_small_l1_distance,SI,5,0.0024845828148744057,0.39816048765865525,115644,0.5867628239180183
very_large_small_l1_distance,SI,10,0.0018253212000587692,0.5347919660789691,115639,0.7030129131554523
very_large_small_l1_distance,SI,20,0.0044714014306734984,0.12839582415230405,115629,0.2611440491233303
very_large_small_l1_distance,SI,50,-0.004005961279063318,0.17319419901781602,115599,0.33418021970837414
very_large_small_l1_distance,HG,1,-0.002802713494905243,0.34053333884856424,115648,0.5219854099138576
very_large_small_l1_distance,HG,2,-0.0007177948777246819,0.8071554955932877,115647,0.8944731085730365
very_large_small_l1_distance,HG,5,-0.0020361995007472404,0.48866557046512826,115644,0.6609969069093522
very_large_small_l1_distance,HG,10,-0.0010157638208852819,0.729782923250634,115639,0.8356861705210035
very_large_small_l1_distance,HG,20,0.002088828160923836,0.47752819612346487,115629,0.6534050700646674
very_large_small_l1_distance,HG,50,-0.00174430936819764,0.553143235103838,115599,0.7214911762223973
very_large_small_l1_distance,PL,1,-0.0016768648338087763,0.5685104297914035,115648,0.7302795701447431
very_large_small_l1_distance,PL,2,-0.0013411333018273639,0.6483372803790439,115647,0.7735842549977229
very_large_small_l1_distance,PL,5,-6.261699207027328e-06,0.9983010179400336,115644,0.9985613830582695
very_large_small_l1_distance,PL,10,-0.00195874468636419,0.5053606305158677,115639,0.675908976379381
very_large_small_l1_distance,PL,20,-0.0021241200545696346,0.47011963785687916,115629,0.6458951173320012
very_large_small_l1_distance,PL,50,-0.009549095827867135,0.0011674422871792633,115599,0.0038914742905975445
very_large_small_l1_distance,PA,1,-0.003126513894060243,0.2876792465557914,115648,0.4738246413860094
very_large_small_l1_distance,PA,2,-0.0015358474826235977,0.6014691616180897,115647,0.7473118803035932
very_large_small_l1_distance,PA,5,-0.00632662048254899,0.03144002266337957,115644,0.07744756315905818
very_large_small_l1_distance,PA,10,-0.011124023358637323,0.00015502290222079918,115639,0.0005787521682909837
very_large_small_l1_distance,PA,20,-0.015153394674888061,2.5629654497612346e-07,115629,1.2664064575290808e-06
very_large_small_l1_distance,PA,50,-0.02719828205396533,2.2663078787260783e-20,115599,1.8130463029808626e-19
entropy_normalized,GC,1,-0.0015612332028446141,0.5954713992830784,115648,0.7473118803035932
entropy_normalized,GC,2,0.0008845293526615487,0.7635685962628194,115647,0.8586313532272667
entropy_normalized,GC,5,-0.0011208661196859173,0.7030823021037409,115644,0.8147052769859385
entropy_normalized,GC,10,-0.001520545042044795,0.6051092324260369,115639,0.747656147139831
entropy_normalized,GC,20,0.0018143093392057183,0.5372766872758321,115629,0.7051756520495297
entropy_normalized,GC,50,-0.0057060433198982945,0.052374689011220416,115599,0.12289033175817081
entropy_normalized,SI,1,0.0064753787797228015,0.027659297390775966,115648,0.06998135484413197
entropy_normalized,SI,2,0.0071413471272847055,0.015159072140479879,115647,0.040682493923332584
entropy_normalized,SI,5,0.011521921143387459,8.918072585957793e-05,115644,0.00034363215468828195
entropy_normalized,SI,10,0.00998799136113597,0.0006824411779737562,115639,0.0023493876618768655
entropy_normalized,SI,20,0.015922268481454904,6.144820224211187e-08,115629,3.166655821065888e-07
entropy_normalized,SI,50,0.013459603936456975,4.730381245862069e-06,115599,2.102391664827586e-05
entropy_normalized,HG,1,0.002494830395234265,0.3962093571971102,115648,0.5861784388795296
entropy_normalized,HG,2,0.002774519763566623,0.3454149464500013,115647,0.5265853993067171
entropy_normalized,HG,5,0.0002470829873098196,0.9330379105697285,115644,0.9534717340575176
entropy_normalized,HG,10,-0.0032598397547497324,0.2676358284733527,115639,0.45484566526945575
entropy_normalized,HG,20,0.00036394770125137515,0.9015081501741029,115629,0.9437132082750965
entropy_normalized,HG,50,0.006425368146252974,0.028917113139712555,115599,0.0729440691812569
entropy_normalized,PL,1,0.0011863545308719323,0.6866245246092648,115648,0.8032933156988613
entropy_normalized,PL,2,0.0014937648875536843,0.611468709098568,115647,0.7513654825411833
entropy_normalized,PL,5,0.005690299867340494,0.05298233654198058,115644,0.12396981252162588
entropy_normalized,PL,10,0.000388957800567236,0.8947734772230688,115639,0.9437132082750965
entropy_normalized,PL,20,0.0016833971834360536,0.5670367603133454,115629,0.7302795701447431
entropy_normalized,PL,50,0.0025400616585272663,0.38780256293743115,115599,0.5796337239634202
entropy_normalized,PA,1,0.005121789512548141,0.08155000553345462,115648,0.18074407558865935
entropy_normalized,PA,2,0.0038025609016153826,0.19596810610348098,115647,0.3570785447438699
entropy_normalized,PA,5,0.0019135284652365687,0.5152291582136438,115644,0.6847982482586406
entropy_normalized,PA,10,-0.001597436554814022,0.5869821151556955,115639,0.7443319965963244
entropy_normalized,PA,20,-5.302450883455317e-06,0.9985613830582696,115629,0.9985613830582695
entropy_normalized,PA,50,-0.0028125638305358945,0.3389413393683164,115599,0.5204949270007052
hhi,GC,1,0.0009517524627350369,0.7461957695120024,115648,0.8458899411472093
hhi,GC,2,-0.002056863483522857,0.48425903295748884,115647,0.6592829622111679
hhi,GC,5,0.0003607213492533156,0.9023705785806496,115644,0.9437132082750965
hhi,GC,10,-0.0003666485003461599,0.9007767544356793,115639,0.9437132082750965
hhi,GC,20,-0.004628582138975585,0.11550901489729565,115629,0.2372312286399226
hhi,GC,50,0.0026869131145209205,0.3609595113775798,115599,0.5443554570146625
hhi,SI,1,-0.008163087518674929,0.005502507333605837,115648,0.016104899512992692
hhi,SI,2,-0.009700298340001605,0.0009709429955806,115647,0.003262368465150816
hhi,SI,5,-0.014284981078903636,1.185695426541496e-06,115644,5.533245323860314e-06
hhi,SI,10,-0.013611974308454875,3.6740687877114734e-06,115639,1.668225827933858e-05
hhi,SI,20,-0.020295215953920476,5.132055177782737e-12,115629,3.241298007020676e-11
hhi,SI,50,-0.017023051852323647,7.115764148966361e-09,115599,3.9066940425697665e-08
hhi,HG,1,-0.0024903080035709197,0.39706610919339563,115648,0.5861784388795296
hhi,HG,2,-0.002915220520481459,0.32150599772983185,115647,0.5066886268162454
hhi,HG,5,-0.00010039910689523897,0.9727640578370508,115644,0.9832994086439503
hhi,HG,10,0.003848875759896615,0.19059221908904608,115639,0.3518461694750571
hhi,HG,20,0.001457503342161256,0.6201708690728003,115629,0.7565955335568156
hhi,HG,50,-0.002989731903668667,0.3093933797014139,115599,0.49128627400602587
hhi,PL,1,-0.0016870042960145583,0.5661743896198375,115648,0.7302795701447431
hhi,PL,2,-0.002126993023170696,0.4694847666234598,115647,0.6458951173320012
hhi,PL,5,-0.006393371650472792,0.02969321676230687,115644,0.0740479832702413
hhi,PL,10,-0.0022533726468009913,0.44351648808243177,115639,0.624727610119769
hhi,PL,20,-0.0038418594546474317,0.19142107077392986,115629,0.3518461694750571
hhi,PL,50,-0.001974288033447565,0.5020622851947694,115599,0.6736938012198184
hhi,PA,1,-0.004002679618071717,0.1734554473724418,115648,0.33418021970837414
hhi,PA,2,-0.002923437812906873,0.3201438708691508,115647,0.5064422816009165
hhi,PA,5,-0.0009241171841485905,0.753326383401818,115644,0.8504878369508466
hhi,PA,10,0.0015398337381322981,0.6005383965114246,115639,0.7473118803035932
hhi,PA,20,-0.0005400798351414722,0.854289445371947,115629,0.9204020695621007
hhi,PA,50,0.003978039408753088,0.17620957677992274,115599,0.3372772836268814
distance_from_equal_weight,GC,1,0.0009517524627350369,0.7461957695120024,115648,0.8458899411472093
distance_from_equal_weight,GC,2,-0.002056863483522857,0.48425903295748884,115647,0.6592829622111679
distance_from_equal_weight,GC,5,0.0003607213492533156,0.9023705785806496,115644,0.9437132082750965
distance_from_equal_weight,GC,10,-0.0003666485003461599,0.9007767544356793,115639,0.9437132082750965
distance_from_equal_weight,GC,20,-0.004628582138975585,0.11550901489729565,115629,0.2372312286399226
distance_from_equal_weight,GC,50,0.0026869131145209205,0.3609595113775798,115599,0.5443554570146625
distance_from_equal_weight,SI,1,-0.008163087518674929,0.005502507333605837,115648,0.016104899512992692
distance_from_equal_weight,SI,2,-0.009700298340001605,0.0009709429955806,115647,0.003262368465150816
distance_from_equal_weight,SI,5,-0.014284981078903636,1.185695426541496e-06,115644,5.533245323860314e-06
distance_from_equal_weight,SI,10,-0.013611974308454875,3.6740687877114734e-06,115639,1.668225827933858e-05
distance_from_equal_weight,SI,20,-0.020295215953920476,5.132055177782737e-12,115629,3.241298007020676e-11
distance_from_equal_weight,SI,50,-0.017023051852323647,7.115764148966361e-09,115599,3.9066940425697665e-08
distance_from_equal_weight,HG,1,-0.0024903080035709197,0.39706610919339563,115648,0.5861784388795296
distance_from_equal_weight,HG,2,-0.002915220520481459,0.32150599772983185,115647,0.5066886268162454
distance_from_equal_weight,HG,5,-0.00010039910689523897,0.9727640578370508,115644,0.9832994086439503
distance_from_equal_weight,HG,10,0.003848875759896615,0.19059221908904608,115639,0.3518461694750571
distance_from_equal_weight,HG,20,0.001457503342161256,0.6201708690728003,115629,0.7565955335568156
distance_from_equal_weight,HG,50,-0.002989731903668667,0.3093933797014139,115599,0.49128627400602587
distance_from_equal_weight,PL,1,-0.0016870042960145583,0.5661743896198375,115648,0.7302795701447431
distance_from_equal_weight,PL,2,-0.002126993023170696,0.4694847666234598,115647,0.6458951173320012
distance_from_equal_weight,PL,5,-0.006393371650472792,0.02969321676230687,115644,0.0740479832702413
distance_from_equal_weight,PL,10,-0.0022533726468009913,0.44351648808243177,115639,0.624727610119769
distance_from_equal_weight,PL,20,-0.0038418594546474317,0.19142107077392986,115629,0.3518461694750571
distance_from_equal_weight,PL,50,-0.001974288033447565,0.5020622851947694,115599,0.6736938012198184
distance_from_equal_weight,PA,1,-0.004002679618071717,0.1734554473724418,115648,0.33418021970837414
distance_from_equal_weight,PA,2,-0.002923437812906873,0.3201438708691508,115647,0.5064422816009165
distance_from_equal_weight,PA,5,-0.0009241171841485905,0.753326383401818,115644,0.8504878369508466
distance_from_equal_weight,PA,10,0.0015398337381322981,0.6005383965114246,115639,0.7473118803035932
distance_from_equal_weight,PA,20,-0.0005400798351414722,0.854289445371947,115629,0.9204020695621007
distance_from_equal_weight,PA,50,0.003978039408753088,0.17620957677992274,115599,0.3372772836268814
GC_signed_notional_share,GC,1,0.001965636105694118,0.5038473882156027,115648,0.6750108550256878
GC_signed_notional_share,GC,2,0.0020634970844382633,0.48285081603783575,115647,0.6592829622111679
GC_signed_notional_share,GC,5,0.0038196558962809214,0.19397109934924456,115644,0.35575485470167123
GC_signed_notional_share,GC,10,0.005082935956793991,0.08390180916186708,115639,0.1844961248585559
GC_signed_notional_share,GC,20,0.0012169623597324294,0.6790097599659974,115629,0.7954926058179049
GC_signed_notional_share,GC,50,0.0011076779488388303,0.706467233298854,115599,0.8151975144064144
GC_signed_notional_share,SI,1,0.015463878138702373,1.4478765650481518e-07,115648,7.282732422996692e-07
GC_signed_notional_share,SI,2,0.012639869420767958,1.7191571589353718e-05,115647,7.148970363889665e-05
GC_signed_notional_share,SI,5,0.008311027091192205,0.004708837669678005,115644,0.01392754803707579
GC_signed_notional_share,SI,10,0.010890324627909455,0.00021272512428956476,115639,0.0007735459065075082
GC_signed_notional_share,SI,20,0.00620755190975063,0.034786936666074596,115629,0.08494484534739145
GC_signed_notional_share,SI,50,0.00026384188882334485,0.928521733337927,115599,0.9534717340575176
GC_signed_notional_share,HG,1,0.01854811708095402,2.8240254586395204e-10,115648,1.6944152751837122e-09
GC_signed_notional_share,HG,2,0.016503266975161773,1.9934024480695528e-08,115647,1.0625943552548848e-07
GC_signed_notional_share,HG,5,0.012396049899572123,2.4914216172864615e-05,115644,0.00010110116707829119
GC_signed_notional_share,HG,10,0.014395454055290956,9.806574046770407e-07,115639,4.680410340504058e-06
GC_signed_notional_share,HG,20,0.007711650334253312,0.008733835621072326,115629,0.024338083533113408
GC_signed_notional_share,HG,50,-0.0008661617815196398,0.7683830431582461,115599,0.8628900484664797
GC_signed_notional_share,PL,1,0.028884709733536993,8.806294708427744e-23,115648,7.54825260722378e-22
GC_signed_notional_share,PL,2,0.01752141008696597,2.5396733096268496e-09,115647,1.4512418912153426e-08
GC_signed_notional_share,PL,5,0.016649782678227795,1.493272868731743e-08,115644,8.092575546675252e-08
GC_signed_notional_share,PL,10,0.01348340811567674,4.533548749360061e-06,115639,2.0364604007820593e-05
GC_signed_notional_share,PL,20,0.006389785780889596,0.02979549803016852,115629,0.0740479832702413
GC_signed_notional_share,PL,50,0.0011444213076403876,0.6972040364143535,115599,0.8118294951461401
GC_signed_notional_share,PA,1,0.06414895077448268,1.0235761551416797e-105,115648,2.866013234396703e-104
GC_signed_notional_share,PA,2,0.0533306989361727,1.3113485346250742e-73,115647,2.6866652904513715e-72
GC_signed_notional_share,PA,5,0.03509606970339049,7.457084467279781e-33,115644,8.030706349378226e-32
GC_signed_notional_share,PA,10,0.028926013623168066,7.68818909050123e-23,115639,6.727165454188576e-22
GC_signed_notional_share,PA,20,0.0214689138534599,2.8540598610702315e-13,115629,1.8877246325188934e-12
GC_signed_notional_share,PA,50,0.006043550493839351,0.039898826371508316,115599,0.0965850551932766
GC_notional_share,GC,1,0.0014012007402654284,0.6337166167583915,115648,0.7637330818895967
GC_notional_share,GC,2,-0.0015199186324326367,0.6052454524465298,115647,0.747656147139831
GC_notional_share,GC,5,0.0016766146813212556,0.5685748081841214,115644,0.7302795701447431
GC_notional_share,GC,10,8.633326819383498e-05,0.9765791134108308,115639,0.9839965651493149
GC_notional_share,GC,20,-0.003584811998396049,0.2228519012399336,115629,0.40084710287268566
GC_notional_share,GC,50,0.0030188709081256327,0.3047017074584632,115599,0.48659588263328724
GC_notional_share,SI,1,-0.008374057936100085,0.004402397869739182,115648,0.013113525569435862
GC_notional_share,SI,2,-0.009863479040093858,0.000795632082707639,115647,0.0027171563408053367
GC_notional_share,SI,5,-0.013104213442896332,8.333829529738024e-06,115644,3.535564042919162e-05
GC_notional_share,SI,10,-0.013622008185034402,3.6140061638435555e-06,115639,1.658888075206878e-05
GC_notional_share,SI,20,-0.020361440252697385,4.378243436870747e-12,115629,2.807423272497273e-11
GC_notional_share,SI,50,-0.016533495461180707,1.8910102992262558e-08,115599,1.018236314967984e-07
GC_notional_share,HG,1,-0.0019923519445581876,0.498067438731382,115648,0.67263126774013
GC_notional_share,HG,2,-0.0024708209469589187,0.40077266779794096,115647,0.5895780051668484
GC_notional_share,HG,5,0.0007812571247966112,0.7904894121800666,115644,0.87849564859254
GC_notional_share,HG,10,0.004138908608629781,0.1592918899818372,115639,0.31193030576887537
GC_notional_share,HG,20,0.003924176254445402,0.18208001213264371,115629,0.34461015228171205
GC_notional_share,HG,50,0.0010326803615744366,0.7255087508549978,115599,0.8325510255713089
GC_notional_share,PL,1,-0.0010032085281282462,0.7329845604758274,115648,0.8376966405438027
GC_notional_share,PL,2,-0.0012493226734294257,0.6709448418234603,115647,0.788242891093296
GC_notional_share,PL,5,-0.004839312452632431,0.09983147505741559,115644,0.21123032505851158
GC_notional_share,PL,10,-0.0014972526293323724,0.6106495119297821,115639,0.7513654825411833
GC_notional_share,PL,20,-0.0030984233023032028,0.29207195568168887,115629,0.4772094341846859
GC_notional_share,PL,50,0.0015505332845926582,0.5980730032598821,115599,0.7473118803035932
GC_notional_share,PA,1,-0.002222742905674736,0.4497198062750277,115648,0.6296977304729147
GC_notional_share,PA,2,-0.0010139777846667555,0.7302305347171626,115647,0.8356861705210035
GC_notional_share,PA,5,0.001455040455795246,0.6207393212313532,115644,0.7565955335568156
GC_notional_share,PA,10,0.0033854368636592903,0.24963617188654158,115639,0.4350505900097405
GC_notional_share,PA,20,0.0018057766222152353,0.5391922518005767,115629,0.7065857901910834
GC_notional_share,PA,50,0.008023029314189627,0.006375195755273199,115599,0.018529980741970545
SI_signed_notional_share,GC,1,0.00037334295114636775,0.8989708020682723,115648,0.9437132082750965
SI_signed_notional_share,GC,2,0.0034328515470210897,0.24304984251477596,115647,0.42711687805943893
SI_signed_notional_share,GC,5,-0.00018670171915333294,0.9493763392714551,115644,0.9666377272582088
SI_signed_notional_share,GC,10,-0.0009316645176923541,0.7513832158548953,115639,0.8504878369508466
SI_signed_notional_share,GC,20,0.0002161778044870628,0.9414011791869634,115629,0.9608468900571681
SI_signed_notional_share,GC,50,0.0024528226664350997,0.4043100976762687,115599,0.5907564307758766
SI_signed_notional_share,SI,1,0.001419373630810123,0.629321374683958,115648,0.7628600477204139
SI_signed_notional_share,SI,2,-0.0043097247851936905,0.14275858915718095,115647,0.2855171783143619
SI_signed_notional_share,SI,5,-0.0025698205894634364,0.38217420494470916,115644,0.57223945125411
SI_signed_notional_share,SI,10,-0.0022573957747887598,0.4427030519521966,115639,0.624727610119769
SI_signed_notional_share,SI,20,-0.001298979176574873,0.6587036134850606,115629,0.7782152395604092
SI_signed_notional_share,SI,50,0.0028859189440272443,0.32649430667418095,115599,0.5082391302561585
SI_signed_notional_share,HG,1,0.011965070927044175,4.720110880402033e-05,115648,0.0001861452178186717
SI_signed_notional_share,HG,2,0.010880591351619043,0.00021541047641626093,115647,0.0007799344835761172
SI_signed_notional_share,HG,5,0.00832741436792214,0.004627547907089253,115644,0.013735477886766686
SI_signed_notional_share,HG,10,0.0076503903154670275,0.009279504368740567,115639,0.02555666776964615
SI_signed_notional_share,HG,20,0.0013855661283141663,0.6375359757800398,115629,0.7672352717123689
SI_signed_notional_share,HG,50,-0.0012843040669902055,0.662360152750182,115599,0.7814361352670687
SI_signed_notional_share,PL,1,0.022189577242164946,4.458433125102914e-14,115648,3.044783597631258e-13
SI_signed_notional_share,PL,2,0.014530356580715649,7.751074389411908e-07,115647,3.741897981095404e-06
SI_signed_notional_share,PL,5,0.012516642497814137,2.0756944054135138e-05,115644,8.50528439291391e-05
SI_signed_notional_share,PL,10,0.009233458468469543,0.001689833710045664,115639,0.005501784172241697
SI_signed_notional_share,PL,20,0.006390181911236905,0.029785356743597263,115629,0.0740479832702413
SI_signed_notional_share,PL,50,0.004729169196062044,0.10785660533393146,115599,0.2253720111455284
SI_signed_notional_share,PA,1,0.05762585684997452,1.1988508098491751e-85,115648,3.2484989686235713e-84
SI_signed_notional_share,PA,2,0.04802187604429987,5.124707397391944e-60,115647,8.609508427618466e-59
SI_signed_notional_share,PA,5,0.03138119861988214,1.3448089204469305e-26,115644,1.2984361990522086e-25
SI_signed_notional_share,PA,10,0.023542911644805042,1.1757561404451527e-15,115639,8.299455109024607e-15
SI_signed_notional_share,PA,20,0.018679446987821827,2.1212732502152763e-10,115629,1.2819205253099512e-09
SI_signed_notional_share,PA,50,0.009757070194358517,0.0009084883102312522,115599,0.003077137824976822
SI_notional_share,GC,1,0.0016993063831636675,0.5633463004117731,115648,0.7302637227560022
SI_notional_share,GC,2,0.004201509404340584,0.15306332746724446,115647,0.30181501190724264
SI_notional_share,GC,5,0.002121777054861816,0.47058072834188663,115644,0.6458951173320012
SI_notional_share,GC,10,0.004708491036901123,0.10934402291264463,115639,0.22778402066771564
SI_notional_share,GC,20,0.011093127997817951,0.0001618067772000369,115629,0.0005987563561587268
SI_notional_share,GC,50,0.009020569602506932,0.0021621189304733036,115599,0.006853509062632358
SI_notional_share,SI,1,0.01116280732997397,0.0001469193621765204,115648,0.0005534182252389109
SI_notional_share,SI,2,0.012859389312812457,1.224302555924873e-05,115647,5.142070734884467e-05
SI_notional_share,SI,5,0.015383334842092589,1.680653337075356e-07,115644,8.403266685376781e-07
SI_notional_share,SI,10,0.01746494501062605,2.859421214393422e-09,115639,1.6229147433043748e-08
SI_notional_share,SI,20,0.026320354610664152,3.506941050293749e-19,115629,2.779085360610141e-18
SI_notional_share,SI,50,0.026129492513929143,6.368552463120665e-19,115599,4.999611279459214e-18
SI_notional_share,HG,1,0.003116001170849075,0.28930319911725294,115648,0.4746380610517431
SI_notional_share,HG,2,0.0031551038896482342,0.283296042336452,115647,0.4675219559187027
SI_notional_share,HG,5,0.000270167785139736,0.9267985182638092,115644,0.9534717340575176
SI_notional_share,HG,10,-0.0022927002232668503,0.43560153584842165,115639,0.6190985329415136
SI_notional_share,HG,20,-0.003887761802457522,0.18616964674686,115629,0.34751667392747204
SI_notional_share,HG,50,-0.0028758500970496774,0.328184998717507,115599,0.5088648444838949
SI_notional_share,PL,1,0.0010824660874859846,0.7127904689677742,115648,0.8213223510739786
SI_notional_share,PL,2,0.0019318708967907426,0.5112046242785564,115647,0.6816061657047419
SI_notional_share,PL,5,0.004617180519769405,0.11638452080342529,115644,0.23844633530457862
SI_notional_share,PL,10,0.003373955379988877,0.2512455975820591,115639,0.4369488653601028
SI_notional_share,PL,20,0.006587625560546266,0.02508613843757008,115629,0.06385562511381475
SI_notional_share,PL,50,0.004019018907019668,0.17179736905283985,115599,0.33336308236872647
SI_notional_share,PA,1,0.0017784931586702771,0.5453071472109617,115648,0.7134859870049967
SI_notional_share,PA,2,0.0007643392356857868,0.7949213238649914,115647,0.8820791440509812
SI_notional_share,PA,5,-0.001596326812745695,0.5872338578706657,115644,0.7443319965963244
SI_notional_share,PA,10,-0.0017603341451687977,0.5494339503773943,115639,0.7177675245987732
SI_notional_share,PA,20,0.0011167551688899696,0.7041381322521325,115629,0.8147052769859385
SI_notional_share,PA,50,-0.0034891944353004044,0.2354992043589432,115599,0.4199985810223191
HG_signed_notional_share,GC,1,-6.564004757980293e-06,0.998218962937158,115648,0.9985613830582695
HG_signed_notional_share,GC,2,0.0004513106652342937,0.8780235733709228,115647,0.9359491548873519
HG_signed_notional_share,GC,5,0.003116734025876753,0.2891981316748899,115644,0.4746380610517431
HG_signed_notional_share,GC,10,0.006110602017034632,0.03771377548398624,115639,0.09155945493222092
HG_signed_notional_share,GC,20,0.0053294115480394715,0.06995213692546143,115629,0.15775107630301
HG_signed_notional_share,GC,50,0.002909214846630985,0.32260435184347114,115599,0.5074675197537748
HG_signed_notional_share,SI,1,0.006705612150257043,0.02258501817165858,115648,0.05801656044095782
HG_signed_notional_share,SI,2,0.00410996850320117,0.16221395099628633,115647,0.31688306706251285
HG_signed_notional_share,SI,5,0.008250524327914241,0.005020281685191863,115644,0.014796619703723386
HG_signed_notional_share,SI,10,0.009028053619401049,0.0021399761029484827,115639,0.006809014873017899
HG_signed_notional_share,SI,20,0.008644079194619183,0.0032887099246137396,115629,0.009972983164893652
HG_signed_notional_share,SI,50,0.008883004459302844,0.002525783142318833,115599,0.007828995717888634
HG_signed_notional_share,HG,1,-0.01110864027676669,0.00015822146381949608,115648,0.0005880797770282155
HG_signed_notional_share,HG,2,-0.008057258987289043,0.006143175367899413,115647,0.017917594823039954
HG_signed_notional_share,HG,5,-0.0031985099803527634,0.2767313828432103,115644,0.45848986506567385
HG_signed_notional_share,HG,10,0.0004719551285863414,0.872495032563746,115639,0.9324374393811027
HG_signed_notional_share,HG,20,-0.0003306209621744279,0.9104872156326621,115629,0.9488948649273402
HG_signed_notional_share,HG,50,-0.0024654305861521965,0.40189874302327655,115599,0.5902009512929236
HG_signed_notional_share,PL,1,0.010251948885330318,0.0004894949164343349,115648,0.0017132322075201723
HG_signed_notional_share,PL,2,0.005193262777712809,0.07738560333328712,115647,0.1719680074073047
HG_signed_notional_share,PL,5,0.007953277497938609,0.006837794274530567,115644,0.019670367091115328
HG_signed_notional_share,PL,10,0.003888232183203852,0.18609735658439483,115639,0.34751667392747204
HG_signed_notional_share,PL,20,0.0034350311550706424,0.24278744573214703,115629,0.42711687805943893
HG_signed_notional_share,PL,50,0.0034677311481984135,0.23839248721280537,115599,0.42069262449318595
HG_signed_notional_share,PA,1,0.03344328204853,5.498263951520658e-30,115648,5.773177149096691e-29
HG_signed_notional_share,PA,2,0.023623704951161218,9.378773144850484e-16,115647,6.676414781080006e-15
HG_signed_notional_share,PA,5,0.015860877801144906,6.890406529914062e-08,115644,3.529232612882812e-07
HG_signed_notional_share,PA,10,0.014391396821204386,9.87562351331133e-07,115639,4.686736582588427e-06
HG_signed_notional_share,PA,20,0.012575247748120931,1.900734615027208e-05,115629,7.826554297170857e-05
HG_signed_notional_share,PA,50,0.010033768286839889,0.0006460284242168778,115599,0.002233184676305256
HG_notional_share,GC,1,-0.007310285634729879,0.012918091388736506,115648,0.035345917806314874
HG_notional_share,GC,2,-0.007843673798368424,0.007643986722697423,115647,0.021692394753600797
HG_notional_share,GC,5,-0.011641589049034076,7.526901555065927e-05,115644,0.0002913639311638423
HG_notional_share,GC,10,-0.011939249665715513,4.9045319638851786e-05,115639,0.00019251433876932476
HG_notional_share,GC,20,-0.01526907264719725,2.0762004056315921e-07,115629,1.0319575980654068e-06
HG_notional_share,GC,50,-0.025513878234972222,4.099340593730183e-18,115599,3.1304055443030486e-17
HG_notional_share,SI,1,-0.0023176966532373403,0.4305955278224738,115648,0.6161844009725348
HG_notional_share,SI,2,-0.00479718993730466,0.10281272068481424,115647,0.2164478330206616
HG_notional_share,SI,5,-0.00432292032212278,0.14154453524770844,115644,0.284443563655682
HG_notional_share,SI,10,-0.0078083483355878254,0.007923837466156252,115639,0.022410853439633845
HG_notional_share,SI,20,-0.008887630956411957,0.0025094423599343017,115629,0.007807154008684494
HG_notional_share,SI,50,-0.014342654450974794,1.0788651211676299e-06,115599,5.0912736055101634e-06
HG_notional_share,HG,1,3.5376762832270524e-05,0.990401308255831,115648,0.9939511337334505
HG_notional_share,HG,2,-0.0004250748019910933,0.8850636074259989,115647,0.9398905565585829
HG_notional_share,HG,5,-0.006330771275547481,0.03132888631894523,115644,0.07740077796445292
HG_notional_share,HG,10,-0.009198392844287301,0.0017599213785980004,115639,0.005664114781694714
HG_notional_share,HG,20,-0.003684370101784159,0.21026624893957188,115629,0.3806544161837077
HG_notional_share,HG,50,-0.0022974069317227793,0.43473923439174306,115599,0.6190985329415136
HG_notional_share,PL,1,-0.0030551247234287793,0.2988283470047305,115648,0.48351959221644986
HG_notional_share,PL,2,-0.004021453824287154,0.171448913205627,115647,0.33336308236872647
HG_notional_share,PL,5,-0.002734048390744633,0.35250311227893605,115644,0.533518223989741
HG_notional_share,PL,10,-0.008463105017889166,0.004002540172720768,115639,0.012007620518162303
HG_notional_share,PL,20,-0.012897998931126456,1.1545164252052532e-05,115629,4.873335664182978e-05
HG_notional_share,PL,50,-0.00865330431151452,0.0032595884074705936,115599,0.009920486457519199
HG_notional_share,PA,1,0.0006462789814378842,0.8260439638068324,115648,0.9070286661408357
HG_notional_share,PA,2,5.427499166024877e-05,0.9852742419303097,115647,0.9899884727529428
HG_notional_share,PA,5,-0.0038594476979876805,0.1893674612871898,115644,0.3518461694750571
HG_notional_share,PA,10,-0.008980959741135521,0.0022575945328208477,115639,0.00707604256555788
HG_notional_share,PA,20,-0.009413052676954775,0.001370106575880132,115629,0.004478169353071248
HG_notional_share,PA,50,-0.011277896214994265,0.00012579509931093168,115599,0.0004781352191003738
PL_signed_notional_share,GC,1,0.0003573816004266226,0.9032683564918781,115648,0.9437132082750965
PL_signed_notional_share,GC,2,0.0016062283654601915,0.5849125892595747,115647,0.7443319965963244
PL_signed_notional_share,GC,5,0.00274512785918265,0.3505552908873033,115644,0.5329790841748964
PL_signed_notional_share,GC,10,0.0033048477038897213,0.2610857177585699,115639,0.45033265486077767
PL_signed_notional_share,GC,20,0.001366143133448902,0.6422593908155024,115629,0.7707112689786029
PL_signed_notional_share,GC,50,0.002849844907558254,0.3325778370360178,115599,0.5144850517684253
PL_signed_notional_share,SI,1,0.00020034125335815248,0.9456826024736257,115648,0.9640453714536961
PL_signed_notional_share,SI,2,0.005327585494364046,0.0700262973703356,115647,0.15775107630301
PL_signed_notional_share,SI,5,0.00983012917105807,0.0008290043621726259,115644,0.0028192860899797804
PL_signed_notional_share,SI,10,0.010930502606441315,0.0002015477475127493,115639,0.0007360874256987365
PL_signed_notional_share,SI,20,0.005960558415737789,0.042678764211671646,115629,0.10242903410801195
PL_signed_notional_share,SI,50,0.0067312763494347455,0.02210113627481199,115599,0.05712293683336022
PL_signed_notional_share,HG,1,0.0015914207352119678,0.5883767211189993,115648,0.7443319965963244
PL_signed_notional_share,HG,2,-0.0014162039712229924,0.6300885198296219,115647,0.7628600477204139
PL_signed_notional_share,HG,5,0.0018375454137611153,0.5320510651994619,115644,0.7005061046513291
PL_signed_notional_share,HG,10,0.0028744374466937055,0.3283389829884179,115639,0.5088648444838949
PL_signed_notional_share,HG,20,0.00031199148197985383,0.9155115289618503,115629,0.951769411296973
PL_signed_notional_share,HG,50,-0.0013680746996774106,0.6418322238712608,115599,0.7707112689786029
PL_signed_notional_share,PL,1,-0.0044409076398094025,0.13098904092506536,115648,0.26577486564506014
PL_signed_notional_share,PL,2,-0.0054697641393866795,0.06287256267318332,115647,0.14351345827574455
PL_signed_notional_share,PL,5,0.0008041551637263928,0.7844981969882578,115644,0.8750769707352611
PL_signed_notional_share,PL,10,-0.0003352409492520381,0.9092378575912127,115639,0.948769938356048
PL_signed_notional_share,PL,20,-0.0030676848710016642,0.2968858407332091,115629,0.48143649848628506
PL_signed_notional_share,PL,50,-0.0002602635716651709,0.9294886019733007,115599,0.9534717340575176
PL_signed_notional_share,PA,1,0.046834925576096614,3.578659900145874e-57,115648,5.780912146389488e-56
PL_signed_notional_share,PA,2,0.034657862038640935,4.422503313210559e-32,115647,4.702408586198569e-31
PL_signed_notional_share,PA,5,0.02603823063208193,8.287090787170137e-19,115644,6.445515056687885e-18
PL_signed_notional_share,PA,10,0.017379662668573735,3.411444313950874e-09,115639,1.923230351489083e-08
PL_signed_notional_share,PA,20,0.012283731961119683,2.9524259951520454e-05,115629,0.00011866209741280949
PL_signed_notional_share,PA,50,0.007938409515174348,0.006953545062827332,115599,0.01986727160807809
PL_notional_share,GC,1,-0.0034217098197216766,0.24458060711674526,115648,0.42890962417132783
PL_notional_share,GC,2,-0.0005629136552716465,0.8481906826992498,115647,0.9204020695621007
PL_notional_share,GC,5,0.0013173297354334634,0.6541729042056148,115644,0.7740389395703249
PL_notional_share,GC,10,0.0004850832011973984,0.8689799260670746,115639,0.9310499207861515
PL_notional_share,GC,20,0.0010646521547106875,0.7173346017184313,115629,0.8254261170458662
PL_notional_share,GC,50,0.0008005332244257987,0.7854857570647463,115599,0.8750769707352611
PL_notional_share,SI,1,0.0013232665251764748,0.6527109100245571,115648,0.7740389395703249
PL_notional_share,SI,2,0.0006273118263038241,0.8310718450676391,115647,0.9106782215167056
PL_notional_share,SI,5,0.00225092059060566,0.4440028371922643,115644,0.624727610119769
PL_notional_share,SI,10,0.0019759546696961057,0.5016274346873547,115639,0.6736938012198184
PL_notional_share,SI,20,0.005114417490172374,0.082014955281276,115629,0.1812962169375575
PL_notional_share,SI,50,0.010767919600628615,0.00025109219387155934,115599,0.0008937179781869061
PL_notional_share,HG,1,0.003406633846559874,0.24666543925787915,115648,0.43097378157574007
PL_notional_share,HG,2,0.004684464191346714,0.11115276756915642,115647,0.23053907347676886
PL_notional_share,HG,5,0.005229384823722932,0.07535096614350793,115644,0.16833726478868793
PL_notional_share,HG,10,0.0067976912373231444,0.020799374120661806,115639,0.054598357066737234
PL_notional_share,HG,20,0.011222211957164158,0.00013557234286712863,115629,0.0005129764324702164
PL_notional_share,HG,50,0.023945885033524374,3.8673455660615447e-16,115599,2.7765557910185447e-15
PL_notional_share,PL,1,-0.0022027373089928003,0.45380961058522157,115648,0.632685375039425
PL_notional_share,PL,2,-0.0014584724377198364,0.6199111127784562,115647,0.7565955335568156
PL_notional_share,PL,5,-0.002219719612633923,0.450344357539082,115644,0.6296977304729147
PL_notional_share,PL,10,-0.0021610296027833775,0.46242055245854674,115639,0.6409789836059064
PL_notional_share,PL,20,0.000886334403163587,0.7631184186585827,115629,0.8586313532272667
PL_notional_share,PL,50,0.007133657423255092,0.015289941325487314,115599,0.04090302774971128
PL_notional_share,PA,1,0.004154287661986039,0.1577316434325785,115648,0.3102917575722856
PL_notional_share,PA,2,0.0023629633463598566,0.42164923724492875,115647,0.6064817795988702
PL_notional_share,PA,5,0.0016699530829094858,0.5701121403240317,115644,0.7311361799575369
PL_notional_share,PA,10,0.0027893847880343828,0.3428534057006059,115639,0.5245844458807085
PL_notional_share,PA,20,0.003217032723706276,0.27399036503136265,115629,0.45484566526945575
PL_notional_share,PA,50,0.009446523771868017,0.0013188729346830777,115599,0.004342035105348518
PA_signed_notional_share,GC,1,0.0003855212047657519,0.8956938217752672,115648,0.9437132082750965
PA_signed_notional_share,GC,2,0.00464634851453155,0.11409059485364725,115647,0.23604950659375293
PA_signed_notional_share,GC,5,0.0020883142315524213,0.47760799169012597,115644,0.6534050700646674
PA_signed_notional_share,GC,10,0.0029910596695167024,0.3090948728127828,115639,0.49128627400602587
PA_signed_notional_share,GC,20,-0.002822245863549907,0.33721856617450235,115629,0.518797794114619
PA_signed_notional_share,GC,50,-0.0011774698519716738,0.6889106555195573,115599,0.8045679616914246
PA_signed_notional_share,SI,1,0.00677249203496581,0.02127170891339449,115648,0.05549141455668128
PA_signed_notional_share,SI,2,0.008942464491711339,0.002357281545959079,115647,0.007361027875857347
PA_signed_notional_share,SI,5,0.007693736483547584,0.008886795299481337,115644,0.024636660236185885
PA_signed_notional_share,SI,10,0.0076522803841551435,0.009262129578951091,115639,0.02555666776964615
PA_signed_notional_share,SI,20,0.0032739176803509686,0.26559567535232087,115629,0.45484566526945575
PA_signed_notional_share,SI,50,0.0015322601995683147,0.6023940186755602,115599,0.7473118803035932
PA_signed_notional_share,HG,1,0.0017311888152270068,0.5560488080128051,115648,0.7241565871794671
PA_signed_notional_share,HG,2,0.0019236421115417656,0.5130056392387683,115647,0.682923513408186
PA_signed_notional_share,HG,5,0.0021398303579045143,0.4668133317134113,115644,0.6449394714461603
PA_signed_notional_share,HG,10,0.0013620020262706252,0.6432539818795732,115639,0.7708036302123273
PA_signed_notional_share,HG,20,-0.002887763435285113,0.3261224384783605,115629,0.5082391302561585
PA_signed_notional_share,HG,50,-0.00391617899888701,0.18302921176366432,115599,0.34461015228171205
PA_signed_notional_share,PL,1,0.0016281962196765356,0.5797869019927001,115648,0.741280057342265
PA_signed_notional_share,PL,2,0.00491133265691369,0.09488285631411612,115647,0.20280305166375967
PA_signed_notional_share,PL,5,0.0040178303999525685,0.1718407317448316,115644,0.33336308236872647
PA_signed_notional_share,PL,10,0.0006255837564943459,0.8315359475039443,115639,0.9106782215167056
PA_signed_notional_share,PL,20,-0.0016789896906015426,0.5680522971749612,115629,0.7302795701447431
PA_signed_notional_share,PL,50,-0.0025938665294847037,0.377829398447958,115599,0.5667440976719369
PA_signed_notional_share,PA,1,-0.010860955965309392,0.0002211357722116887,115648,0.000797227676642998
PA_signed_notional_share,PA,2,-0.007869991972183578,0.007442805565652928,115647,0.021193073475079524
PA_signed_notional_share,PA,5,-0.008422135321761764,0.004182081753431101,115644,0.012501596700648132
PA_signed_notional_share,PA,10,-0.013402691517608352,5.168258986596433e-06,115639,2.237802860175775e-05
PA_signed_notional_share,PA,20,-0.012013699777406666,4.4024930003173326e-05,115629,0.00017526512418324927
PA_signed_notional_share,PA,50,-0.00950002707457865,0.0012377584929462442,115599,0.004109553889623894
PA_notional_share,GC,1,-0.0009982649391054189,0.73425045622474,115648,0.8380032380825836
PA_notional_share,GC,2,0.0010451682369932056,0.7222707072065987,115647,0.8299690753126442
PA_notional_share,GC,5,0.003270456561195102,0.26607031686108135,115644,0.45484566526945575
PA_notional_share,GC,10,0.0011073388596660896,0.7065045124855591,115639,0.8151975144064144
PA_notional_share,GC,20,0.0023503162432614174,0.42417432767600155,115629,0.6080656649579089
PA_notional_share,GC,50,0.00362611149213444,0.21762677134089095,115599,0.39228860070031846
PA_notional_share,SI,1,-0.0005051964877648163,0.8635942803898308,115648,0.9276460300862632
PA_notional_share,SI,2,0.0021671273350203396,0.46114304719431604,115647,0.6408949155107548
PA_notional_share,SI,5,0.0008448575970862438,0.7738801796898471,115644,0.8679030052596417
PA_notional_share,SI,10,0.0008060337741954262,0.7840117780309983,115639,0.8750769707352611
PA_notional_share,SI,20,0.00047506422772564995,0.8716678268483722,115629,0.9324374393811027
PA_notional_share,SI,50,0.004484971420403492,0.12729031181817488,115599,0.26015538181816766
PA_notional_share,HG,1,0.0008138935110446882,0.7819503497271578,115648,0.8746182340490181
PA_notional_share,HG,2,0.0021649332164550127,0.46159693319524603,115647,0.6408949155107548
PA_notional_share,HG,5,0.007208879272640284,0.014226585597175587,115644,0.03854945774718546
PA_notional_share,HG,10,0.00488963915598685,0.09636255120423046,115639,0.20492289370013564
PA_notional_share,HG,20,0.0019553042216134612,0.506127078741227,115629,0.675908976379381
PA_notional_share,HG,50,0.01348065243941256,4.571241146168436e-06,115599,2.0424694482880247e-05
PA_notional_share,PL,1,-0.00198369583873638,0.49993630819500784,115648,0.6736938012198184
PA_notional_share,PL,2,0.000977136469048383,0.739669974869014,115647,0.8430431192536929
PA_notional_share,PL,5,0.003633706897792449,0.21657524126676117,115644,0.391232693901246
PA_notional_share,PL,10,7.2423896875586e-05,0.980351675630067,115639,0.986222044945217
PA_notional_share,PL,20,0.000447243461626544,0.879123670483477,115629,0.9359491548873519
PA_notional_share,PL,50,0.0059568493204036595,0.04283491889925453,115599,0.10251091702385699
PA_notional_share,PA,1,0.0014481439138935102,0.622389897247333,115648,0.7565955335568156
PA_notional_share,PA,2,0.0030520207428911907,0.29932165232446895,115647,0.48351959221644986
PA_notional_share,PA,5,0.006308293113714409,0.03193478513087582,115644,0.0784363143565371
PA_notional_share,PA,10,0.0035627025658818176,0.22569849725983263,115639,0.4050998668766227
PA_notional_share,PA,20,0.002884167913906484,0.3267251551646733,115629,0.5082391302561585
PA_notional_share,PA,50,0.0038622375478866936,0.18913382874908688,115599,0.3518461694750571
