root,asset,asset_class,feature,horizon_vol_bars,horizon,n,beta_bps_per_full_ofi,nw_tstat,r2,corr,hit_rate
SR3,Three-Month SOFR,Rates,low,0,same_vol_bar,95,1.502503502200256,1.4436816344660808,0.021105488601083633,0.14527728177896002,0.3894736842105263
SR3,Three-Month SOFR,Rates,high,0,same_vol_bar,95,7.36888801420379,4.5970292088634634,0.3615533919618893,0.6012930998788272,0.6105263157894737
SR3,Three-Month SOFR,Rates,spread,0,same_vol_bar,95,2.606263294857534,2.5756372171491564,0.09126604847740472,0.3021027118008125,0.47368421052631576
SR3,Three-Month SOFR,Rates,low,1,next_1_vol_bar,94,1.5724854019174643,1.6095427751926439,0.02136325189750643,0.1461617319872286,0.40425531914893614
SR3,Three-Month SOFR,Rates,high,1,next_1_vol_bar,94,0.0803114807518905,0.06469836711564719,4.2891266401445804e-05,0.0065491424172476696,0.3404255319148936
SR3,Three-Month SOFR,Rates,spread,1,next_1_vol_bar,94,-1.003472579818502,-1.0565270904413744,0.013096921179360899,-0.11444178074182902,0.32978723404255317
SR3,Three-Month SOFR,Rates,low,3,next_3_vol_bars,92,4.344944297237853,2.5812542901178905,0.05691655705842402,0.23857191171306008,0.5217391304347826
SR3,Three-Month SOFR,Rates,high,3,next_3_vol_bars,92,2.5754197265422034,1.557843485687208,0.01481843196436139,0.12173098194116848,0.4673913043478261
SR3,Three-Month SOFR,Rates,spread,3,next_3_vol_bars,92,-1.5476617509776873,-1.3263252540097408,0.011368655256187354,-0.10662389627183626,0.40217391304347827
SR3,Three-Month SOFR,Rates,low,6,next_6_vol_bars,89,3.9339077963683184,1.3567177994412567,0.023556477069081927,0.15348119451281952,0.5393258426966292
SR3,Three-Month SOFR,Rates,high,6,next_6_vol_bars,89,1.2569265637957037,0.40441212245056773,0.0018354688606542213,0.04284237225754455,0.5955056179775281
SR3,Three-Month SOFR,Rates,spread,6,next_6_vol_bars,89,-1.8156623572898885,-0.8089801314114783,0.008220914261291346,-0.09066925753137672,0.42696629213483145
SR3,Three-Month SOFR,Rates,low,12,next_12_vol_bars,83,13.246375903236352,4.694710395304572,0.1883542654330279,0.4339980016463531,0.6024096385542169
SR3,Three-Month SOFR,Rates,high,12,next_12_vol_bars,83,-7.469857348678257,-2.0846653567060565,0.04004094599049579,-0.20010233879316805,0.4578313253012048
SR3,Three-Month SOFR,Rates,spread,12,next_12_vol_bars,83,-10.846206061783523,-4.937773546549398,0.21236482713605653,-0.4608305839851089,0.3493975903614458
ZQ,30-Day Fed Funds,Rates,low,0,same_vol_bar,42,1.2343799251087249,1.5709858630580638,0.09736953451606434,0.3120409180156741,0.40476190476190477
ZQ,30-Day Fed Funds,Rates,high,0,same_vol_bar,42,1.487950406373261,2.7876288843954518,0.2004804325637276,0.4477504132479697,0.4523809523809524
ZQ,30-Day Fed Funds,Rates,spread,0,same_vol_bar,42,0.5227383507060753,2.1412493631147202,0.02919735749836838,0.1708723426958512,0.42857142857142855
ZQ,30-Day Fed Funds,Rates,low,1,next_1_vol_bar,41,-0.5331041602788296,-1.341364928161363,0.017856197359116033,-0.13362708317970612,0.36585365853658536
ZQ,30-Day Fed Funds,Rates,high,1,next_1_vol_bar,41,0.7146851228094203,1.7095879810688557,0.03754743749394018,0.19377161168225898,0.4146341463414634
ZQ,30-Day Fed Funds,Rates,spread,1,next_1_vol_bar,41,0.7926331823995317,2.126713565626694,0.06819165782545422,0.2611353247369154,0.4146341463414634
ZQ,30-Day Fed Funds,Rates,low,3,next_3_vol_bars,39,-1.8051579454347446,-1.7616259644989525,0.06374656230569997,-0.25248081571814546,0.358974358974359
ZQ,30-Day Fed Funds,Rates,high,3,next_3_vol_bars,39,-0.7164187444983452,-1.0814669547483637,0.011144825763404143,-0.10556905684623728,0.3076923076923077
ZQ,30-Day Fed Funds,Rates,spread,3,next_3_vol_bars,39,0.5828926410445877,0.6796061590398053,0.011516363641611238,0.10731432169850912,0.5897435897435898
ZQ,30-Day Fed Funds,Rates,low,6,next_6_vol_bars,36,-2.726736430456803,-1.1336055748505507,0.07483410492629472,-0.27355822949839126,0.2222222222222222
ZQ,30-Day Fed Funds,Rates,high,6,next_6_vol_bars,36,-1.5725614793336427,-1.380973566653655,0.027141473550211015,-0.16474669511165038,0.3055555555555556
ZQ,30-Day Fed Funds,Rates,spread,6,next_6_vol_bars,36,0.5668050270483099,0.34284749999672165,0.00577300259842628,0.07598027769379426,0.7222222222222222
ZQ,30-Day Fed Funds,Rates,low,12,next_12_vol_bars,30,-0.2378342147727067,-0.09947752494848719,0.000642427369033638,-0.025346150970783077,0.3
ZQ,30-Day Fed Funds,Rates,high,12,next_12_vol_bars,30,-1.2961852931782532,-1.3047795482656739,0.02001427777793907,-0.14147182679932804,0.36666666666666664
ZQ,30-Day Fed Funds,Rates,spread,12,next_12_vol_bars,30,-0.5667432985758768,-0.4096917880561511,0.007220168908554703,-0.0849715770628916,0.6666666666666666
ZT,2-Year U.S. Treasury Note,Rates,low,0,same_vol_bar,118,1.4597849131324547,1.1972238005799543,0.00789664693687786,0.08886307971749557,0.4830508474576271
ZT,2-Year U.S. Treasury Note,Rates,high,0,same_vol_bar,119,10.95043501055186,7.834916394018459,0.31284459953276267,0.5593251286441216,0.7058823529411765
ZT,2-Year U.S. Treasury Note,Rates,spread,0,same_vol_bar,119,4.1606635657911015,5.3899766484291165,0.09542574222900313,0.30891057319069426,0.5630252100840336
ZT,2-Year U.S. Treasury Note,Rates,low,1,next_1_vol_bar,117,-2.993262155823364,-2.5508506061699574,0.03265385715349689,-0.18070378289758443,0.4444444444444444
ZT,2-Year U.S. Treasury Note,Rates,high,1,next_1_vol_bar,118,0.6819666593175422,0.38764734048594474,0.0012191549121582934,0.03491639890020743,0.5169491525423728
ZT,2-Year U.S. Treasury Note,Rates,spread,1,next_1_vol_bar,118,2.2833993436911366,2.203176996331154,0.028304060254128904,0.16823810583256404,0.5338983050847458
ZT,2-Year U.S. Treasury Note,Rates,low,3,next_3_vol_bars,115,-7.622164128479843,-3.0808343219651784,0.09211732725203459,-0.3035083643856204,0.41739130434782606
ZT,2-Year U.S. Treasury Note,Rates,high,3,next_3_vol_bars,116,0.25881172862105517,0.10141799224992862,7.303765740862556e-05,0.008546207194343439,0.5172413793103449
ZT,2-Year U.S. Treasury Note,Rates,spread,3,next_3_vol_bars,116,5.286834669071332,2.446121195399244,0.06481350451230228,0.2545849652126032,0.603448275862069
ZT,2-Year U.S. Treasury Note,Rates,low,6,next_6_vol_bars,112,-12.12388125268942,-2.7515168447436604,0.12364878802008317,-0.35163729611644307,0.3482142857142857
ZT,2-Year U.S. Treasury Note,Rates,high,6,next_6_vol_bars,113,5.962760506002226,1.7374799885992294,0.02077829353263405,0.14414677773933712,0.5752212389380531
ZT,2-Year U.S. Treasury Note,Rates,spread,6,next_6_vol_bars,113,11.070688713481584,3.125110077639244,0.15085868413581371,0.3884053090983872,0.7168141592920354
ZT,2-Year U.S. Treasury Note,Rates,low,12,next_12_vol_bars,106,-12.419847499204714,-2.154027489811535,0.07116687502290553,-0.26677120351137096,0.4056603773584906
ZT,2-Year U.S. Treasury Note,Rates,high,12,next_12_vol_bars,107,6.658994456624812,1.0227589118729867,0.01087249624785025,0.10427126280932027,0.5607476635514018
ZT,2-Year U.S. Treasury Note,Rates,spread,12,next_12_vol_bars,107,12.304962371485741,2.185055225661333,0.09106614297306959,0.30177167357634743,0.7009345794392523
ZF,5-Year U.S. Treasury Note,Rates,low,0,same_vol_bar,127,-10.145949708917001,-1.7207017031431673,0.02703817869986158,-0.16443290029632618,0.4881889763779528
ZF,5-Year U.S. Treasury Note,Rates,high,0,same_vol_bar,127,35.29202797255976,11.35732961573274,0.3538152266584651,0.5948236937601471,0.6929133858267716
ZF,5-Year U.S. Treasury Note,Rates,spread,0,same_vol_bar,127,22.09996241230957,9.389254766009024,0.28045474905422274,0.5295797853527106,0.6220472440944882
ZF,5-Year U.S. Treasury Note,Rates,low,1,next_1_vol_bar,126,-5.831219789273229,-1.375480959117685,0.008969365731252621,-0.0947067354059487,0.4523809523809524
ZF,5-Year U.S. Treasury Note,Rates,high,1,next_1_vol_bar,126,3.532508013265394,0.6656037550203697,0.0035618113331303825,0.0596809126365398,0.49206349206349204
ZF,5-Year U.S. Treasury Note,Rates,spread,1,next_1_vol_bar,126,4.418488924543787,1.44870448642494,0.011251497326886795,0.10607307540976837,0.5555555555555556
ZF,5-Year U.S. Treasury Note,Rates,low,3,next_3_vol_bars,124,-0.907725412808654,-0.10667494692473087,8.153075237349316e-05,-0.009029438098437854,0.4838709677419355
ZF,5-Year U.S. Treasury Note,Rates,high,3,next_3_vol_bars,124,-5.030262917290766,-0.6485637051623097,0.0027008620500648117,-0.051969818645679504,0.4596774193548387
ZF,5-Year U.S. Treasury Note,Rates,spread,3,next_3_vol_bars,124,-2.0646038137934752,-0.4297144301691053,0.0009230924200688273,-0.030382436045663874,0.47580645161290325
ZF,5-Year U.S. Treasury Note,Rates,low,6,next_6_vol_bars,121,-13.125925618008848,-1.3943472095151699,0.009632472844770423,-0.09814516210578265,0.5371900826446281
ZF,5-Year U.S. Treasury Note,Rates,high,6,next_6_vol_bars,121,-16.406459891140987,-2.289960584506243,0.015994937358071337,-0.12647109297413145,0.49586776859504134
ZF,5-Year U.S. Treasury Note,Rates,spread,6,next_6_vol_bars,121,-2.000972063290207,-0.32860596765684663,0.00048236653816435826,-0.0219628444916474,0.512396694214876
ZF,5-Year U.S. Treasury Note,Rates,low,12,next_12_vol_bars,115,18.679467828242565,1.2076235072711883,0.011105714371293707,0.10538365324514842,0.6173913043478261
ZF,5-Year U.S. Treasury Note,Rates,high,12,next_12_vol_bars,115,-19.24409839519403,-1.080116959373367,0.012214895681970095,-0.11052101918626182,0.4782608695652174
ZF,5-Year U.S. Treasury Note,Rates,spread,12,next_12_vol_bars,115,-18.139535012801744,-1.3967260747850572,0.022298493085655346,-0.14932679962302553,0.4782608695652174
ZN,10-Year U.S. Treasury Note,Rates,low,0,same_vol_bar,126,-3.19519239417743,-0.46186740805406856,0.0014455978401377578,-0.03802101839953594,0.5079365079365079
ZN,10-Year U.S. Treasury Note,Rates,high,0,same_vol_bar,126,59.85196967943274,8.257152450401314,0.40577363465267724,0.637003637864555,0.7222222222222222
ZN,10-Year U.S. Treasury Note,Rates,spread,0,same_vol_bar,126,26.66809955198559,4.987329435163998,0.19286501455123906,0.43916399505337306,0.626984126984127
ZN,10-Year U.S. Treasury Note,Rates,low,1,next_1_vol_bar,125,1.3159751563542754,0.2182246651662329,0.00024047663364756833,0.015507309039518738,0.472
ZN,10-Year U.S. Treasury Note,Rates,high,1,next_1_vol_bar,125,-0.9437708775412937,-0.09889924636031178,0.00010115888423001262,-0.010057777300677449,0.488
ZN,10-Year U.S. Treasury Note,Rates,spread,1,next_1_vol_bar,125,-1.0723805521294147,-0.20830380139575427,0.0003109070410428627,-0.01763255628213186,0.472
ZN,10-Year U.S. Treasury Note,Rates,low,3,next_3_vol_bars,123,7.103359634270227,0.48110483295655054,0.0027919624684775712,0.05283902410602913,0.44715447154471544
ZN,10-Year U.S. Treasury Note,Rates,high,3,next_3_vol_bars,123,-0.10064598671348698,-0.007885852431551888,4.5628827860522136e-07,-0.0006754911386791535,0.4878048780487805
ZN,10-Year U.S. Treasury Note,Rates,spread,3,next_3_vol_bars,123,-3.699119179057798,-0.3686464077844598,0.0014707023180923207,-0.03834973687122722,0.5203252032520326
ZN,10-Year U.S. Treasury Note,Rates,low,6,next_6_vol_bars,120,22.433035462230684,1.2193304243100644,0.016947563511419905,0.13018280804860488,0.5416666666666666
ZN,10-Year U.S. Treasury Note,Rates,high,6,next_6_vol_bars,120,3.998946403652758,0.318592591626888,0.00042849099377462174,0.020700024004207035,0.49166666666666664
ZN,10-Year U.S. Treasury Note,Rates,spread,6,next_6_vol_bars,120,-10.11327585116617,-0.91314689693509,0.006556664429645864,-0.08097323279730019,0.475
ZN,10-Year U.S. Treasury Note,Rates,low,12,next_12_vol_bars,114,38.53414730015802,1.5553397649595961,0.028666500307521936,0.1693118433764209,0.5701754385964912
ZN,10-Year U.S. Treasury Note,Rates,high,12,next_12_vol_bars,114,1.5554893184591485,0.07996062265500971,3.716067554149216e-05,0.006095955670884065,0.5614035087719298
ZN,10-Year U.S. Treasury Note,Rates,spread,12,next_12_vol_bars,114,-19.31799801379683,-1.325626089621375,0.01390962662471551,-0.11793908014188981,0.45614035087719296
TN,Ultra 10-Year U.S. Treasury Note,Rates,low,0,same_vol_bar,129,1.9157275296276635,0.36968103415953535,0.0007546601320331803,0.027471078101037532,0.5193798449612403
TN,Ultra 10-Year U.S. Treasury Note,Rates,high,0,same_vol_bar,131,37.242229193260016,8.213400075058935,0.2505127226134578,0.5005124599982079,0.6641221374045801
TN,Ultra 10-Year U.S. Treasury Note,Rates,spread,0,same_vol_bar,131,17.41102872470344,5.357481043428977,0.11080734976177653,0.3328773794684414,0.6030534351145038
TN,Ultra 10-Year U.S. Treasury Note,Rates,low,1,next_1_vol_bar,128,-3.8125417571614277,-0.6627202702123178,0.002928547402829551,-0.054116054945177225,0.46875
TN,Ultra 10-Year U.S. Treasury Note,Rates,high,1,next_1_vol_bar,130,-6.5112061418499305,-0.875945359743218,0.007686925164892777,-0.08767511143359126,0.4461538461538462
TN,Ultra 10-Year U.S. Treasury Note,Rates,spread,1,next_1_vol_bar,130,-1.173327826716009,-0.2265469037420981,0.0005052832547456365,-0.02247850650611819,0.46153846153846156
TN,Ultra 10-Year U.S. Treasury Note,Rates,low,3,next_3_vol_bars,126,-3.357308351242871,-0.26202312104668374,0.0009962022283986904,-0.031562671439516576,0.4444444444444444
TN,Ultra 10-Year U.S. Treasury Note,Rates,high,3,next_3_vol_bars,128,-8.380523056978292,-0.7665747619698124,0.005623200989054222,-0.07498800563459658,0.484375
TN,Ultra 10-Year U.S. Treasury Note,Rates,spread,3,next_3_vol_bars,128,-2.3528260202825035,-0.2333458622489106,0.0008958171318950159,-0.0299302043410164,0.5234375
TN,Ultra 10-Year U.S. Treasury Note,Rates,low,6,next_6_vol_bars,123,-6.633513957617748,-0.4670000286767664,0.002222024133727518,-0.04713835098651057,0.44715447154471544
TN,Ultra 10-Year U.S. Treasury Note,Rates,high,6,next_6_vol_bars,125,-12.608192223683995,-0.7628878555559194,0.007072601396234224,-0.0840987597782174,0.48
TN,Ultra 10-Year U.S. Treasury Note,Rates,spread,6,next_6_vol_bars,125,-2.5985094260063457,-0.2194755279511348,0.0006117453610751111,-0.024733486634013025,0.472
TN,Ultra 10-Year U.S. Treasury Note,Rates,low,12,next_12_vol_bars,117,0.8894407758792469,0.051775088664623235,2.288180485809921e-05,0.004783492955775222,0.47863247863247865
TN,Ultra 10-Year U.S. Treasury Note,Rates,high,12,next_12_vol_bars,119,-21.775623563469228,-1.2306779182861343,0.011916453504505653,-0.1091625096106968,0.5210084033613446
TN,Ultra 10-Year U.S. Treasury Note,Rates,spread,12,next_12_vol_bars,119,-11.381355300984376,-1.0188054641318285,0.006550345194681784,-0.08093420287296083,0.5378151260504201
ZB,U.S. Treasury Bond,Rates,low,0,same_vol_bar,133,19.35788159870418,2.7297286870267183,0.022759526466558322,0.15086260791381803,0.556390977443609
ZB,U.S. Treasury Bond,Rates,high,0,same_vol_bar,133,80.37897520742787,11.051668180278785,0.35680799739338354,0.5973340751986141,0.7368421052631579
ZB,U.S. Treasury Bond,Rates,spread,0,same_vol_bar,133,32.403564839736084,3.8101859420461195,0.10574408317996165,0.3251831532843632,0.5939849624060151
ZB,U.S. Treasury Bond,Rates,low,1,next_1_vol_bar,132,-10.257415905869971,-1.3937001399657214,0.006268064196302436,-0.07917110708018767,0.4393939393939394
ZB,U.S. Treasury Bond,Rates,high,1,next_1_vol_bar,132,-4.899010940290024,-0.4278673825299505,0.001320507645665825,-0.0363387898211509,0.4772727272727273
ZB,U.S. Treasury Bond,Rates,spread,1,next_1_vol_bar,132,3.3827812812498843,0.4557238034010953,0.0011553232490127963,0.03399004632260801,0.5454545454545454
ZB,U.S. Treasury Bond,Rates,low,3,next_3_vol_bars,130,5.294383534197,0.3020733558608734,0.0007054521239213685,0.026560348716111834,0.5307692307692308
ZB,U.S. Treasury Bond,Rates,high,3,next_3_vol_bars,130,-20.186048512695788,-1.0673467734360833,0.009475499279692268,-0.09734217626338666,0.4461538461538462
ZB,U.S. Treasury Bond,Rates,spread,3,next_3_vol_bars,130,-14.12223876254254,-0.9697056539488502,0.00851081949583088,-0.09225410286719539,0.4307692307692308
ZB,U.S. Treasury Bond,Rates,low,6,next_6_vol_bars,127,0.25278465116937626,0.012660576643988706,9.04556104353027e-07,0.0009510815444850315,0.48031496062992124
ZB,U.S. Treasury Bond,Rates,high,6,next_6_vol_bars,127,-42.317175354176065,-1.8608284613572923,0.023579381061218596,-0.15355579136333009,0.3937007874015748
ZB,U.S. Treasury Bond,Rates,spread,6,next_6_vol_bars,127,-23.184067099720515,-1.1745069044645884,0.01300126076353203,-0.11402307118970317,0.4566929133858268
ZB,U.S. Treasury Bond,Rates,low,12,next_12_vol_bars,121,-28.95559705487604,-0.7453954302235145,0.007495281370011098,-0.08657529306916051,0.49586776859504134
ZB,U.S. Treasury Bond,Rates,high,12,next_12_vol_bars,121,-86.4690410545856,-3.3097677606686906,0.061818260262200164,-0.24863278195402985,0.3884297520661157
ZB,U.S. Treasury Bond,Rates,spread,12,next_12_vol_bars,121,-29.994014437112103,-1.3688718883966797,0.013679175890475959,-0.11695800909076685,0.4462809917355372
UB,Ultra U.S. Treasury Bond,Rates,low,0,same_vol_bar,136,14.501643499046773,1.6125873205408185,0.013532610229549547,0.11632974782724102,0.5441176470588235
UB,Ultra U.S. Treasury Bond,Rates,high,0,same_vol_bar,136,67.83848640062472,7.547993905094024,0.2801421417371971,0.5292845564884706,0.6470588235294118
UB,Ultra U.S. Treasury Bond,Rates,spread,0,same_vol_bar,136,26.54161222921717,4.810265636914613,0.08483676484201552,0.2912675142236354,0.5735294117647058
UB,Ultra U.S. Treasury Bond,Rates,low,1,next_1_vol_bar,135,-19.85000457095467,-2.3428881252780576,0.025456325571213467,-0.15955038568180713,0.4
UB,Ultra U.S. Treasury Bond,Rates,high,1,next_1_vol_bar,135,-11.644128955064192,-1.0587132552600391,0.008287439271718267,-0.09103537373855444,0.43703703703703706
UB,Ultra U.S. Treasury Bond,Rates,spread,1,next_1_vol_bar,135,4.7202928586491595,0.5940182726526567,0.002693906008078062,0.051902851637246304,0.4740740740740741
UB,Ultra U.S. Treasury Bond,Rates,low,3,next_3_vol_bars,133,-13.335263835033926,-0.9070335960937569,0.004842838038237041,-0.0695905025002477,0.48120300751879697
UB,Ultra U.S. Treasury Bond,Rates,high,3,next_3_vol_bars,133,0.9729281970377905,0.060850869210705386,2.4198758383553454e-05,0.004919223351658513,0.5639097744360902
UB,Ultra U.S. Treasury Bond,Rates,spread,3,next_3_vol_bars,133,7.688764753840086,0.6547413983435305,0.0029834895519577076,0.05462132872750329,0.5413533834586466
UB,Ultra U.S. Treasury Bond,Rates,low,6,next_6_vol_bars,130,7.937162460491474,0.37237730432904104,0.000977709981514252,0.03126835431413228,0.46923076923076923
UB,Ultra U.S. Treasury Bond,Rates,high,6,next_6_vol_bars,130,15.814039540346974,0.599099714304467,0.0036780550189405847,0.060646970401997624,0.4846153846153846
UB,Ultra U.S. Treasury Bond,Rates,spread,6,next_6_vol_bars,130,3.7852625807520575,0.26104636741045983,0.00041410896184101986,0.020349667364384226,0.46153846153846156
UB,Ultra U.S. Treasury Bond,Rates,low,12,next_12_vol_bars,124,19.39605361219067,0.7408429652023646,0.0038423854423813575,0.061986978006523,0.5080645161290323
UB,Ultra U.S. Treasury Bond,Rates,high,12,next_12_vol_bars,124,-26.46289207307927,-0.8072417832818644,0.006336949637958056,-0.07960495988289945,0.5161290322580645
UB,Ultra U.S. Treasury Bond,Rates,spread,12,next_12_vol_bars,124,-24.600339528103394,-1.0671535408850388,0.010764294350969483,-0.10375111734805309,0.4838709677419355
IQB,Bloomberg U.S. IG Corporate Bond Index,Credit,low,0,same_vol_bar,53,-8.619932770138591,-1.3285411842138557,0.017376049903195745,-0.13181824571430037,0.5094339622641509
IQB,Bloomberg U.S. IG Corporate Bond Index,Credit,high,0,same_vol_bar,53,6.92228986165024,1.1382405829420283,0.030344851469332634,0.17419773669405822,0.5094339622641509
IQB,Bloomberg U.S. IG Corporate Bond Index,Credit,spread,0,same_vol_bar,53,7.968482917308485,1.5713864997025062,0.05113392657505811,0.22612811982382414,0.5283018867924528
IQB,Bloomberg U.S. IG Corporate Bond Index,Credit,low,1,next_1_vol_bar,52,-4.544487769236541,-0.462944136332458,0.004420189404064967,-0.06648450499225285,0.4423076923076923
IQB,Bloomberg U.S. IG Corporate Bond Index,Credit,high,1,next_1_vol_bar,52,3.9329051695661383,0.9254408732273497,0.009356436323925577,0.09672867374220324,0.5576923076923077
IQB,Bloomberg U.S. IG Corporate Bond Index,Credit,spread,1,next_1_vol_bar,52,4.161991586603192,0.8229094351540601,0.013470013203000897,0.11606038601952508,0.4807692307692308
IQB,Bloomberg U.S. IG Corporate Bond Index,Credit,low,3,next_3_vol_bars,50,1.742609616951245,0.16590639948426936,0.0003282002940440121,0.01811629912659012,0.5
IQB,Bloomberg U.S. IG Corporate Bond Index,Credit,high,3,next_3_vol_bars,50,5.888404886448049,0.5419565119254487,0.011617075199867544,0.10778253661826576,0.52
IQB,Bloomberg U.S. IG Corporate Bond Index,Credit,spread,3,next_3_vol_bars,50,3.2228901941657595,0.3716202861201008,0.0044394101374582995,0.06662889866610705,0.62
IQB,Bloomberg U.S. IG Corporate Bond Index,Credit,low,6,next_6_vol_bars,47,21.50546163110577,1.1271006186785857,0.02436889059953362,0.15610538299345705,0.5531914893617021
IQB,Bloomberg U.S. IG Corporate Bond Index,Credit,high,6,next_6_vol_bars,47,7.497746899894881,0.5501123783079915,0.008280665910546325,0.09099816432514575,0.46808510638297873
IQB,Bloomberg U.S. IG Corporate Bond Index,Credit,spread,6,next_6_vol_bars,47,0.3118211186328774,0.02325770835991603,1.8207846241513614e-05,0.004267065296105352,0.574468085106383
IQB,Bloomberg U.S. IG Corporate Bond Index,Credit,low,12,next_12_vol_bars,41,9.299908675834061,0.3227203247120167,0.002091598668476413,0.04573399904312582,0.5609756097560976
IQB,Bloomberg U.S. IG Corporate Bond Index,Credit,high,12,next_12_vol_bars,42,8.001638356386204,0.5345557739646472,0.005114981916555794,0.07151910175998831,0.6190476190476191
IQB,Bloomberg U.S. IG Corporate Bond Index,Credit,spread,12,next_12_vol_bars,42,3.5255776546383024,0.19867705921282255,0.0012032652368957342,0.03468811376964278,0.6190476190476191
HYB,Bloomberg U.S. High Yield Very Liquid Index,Credit,low,0,same_vol_bar,66,-1.2718964502775334,-0.25999768407544643,0.0014095874675946751,-0.037544473196394895,0.45454545454545453
HYB,Bloomberg U.S. High Yield Very Liquid Index,Credit,high,0,same_vol_bar,61,-0.2739974509491706,-0.1477527936911224,0.00025023835737914,-0.015818924027225525,0.4426229508196721
HYB,Bloomberg U.S. High Yield Very Liquid Index,Credit,spread,0,same_vol_bar,62,0.3650100083045592,0.2685157354404737,0.0004984768131234274,0.02232659430193983,0.41935483870967744
HYB,Bloomberg U.S. High Yield Very Liquid Index,Credit,low,1,next_1_vol_bar,65,-0.34123387277690853,-0.07681397267608885,0.00010239760251640195,-0.010119170050760134,0.4307692307692308
HYB,Bloomberg U.S. High Yield Very Liquid Index,Credit,high,1,next_1_vol_bar,60,0.1323368183994561,0.06218379837612198,5.762368764916648e-05,0.0075910267849060515,0.4
HYB,Bloomberg U.S. High Yield Very Liquid Index,Credit,spread,1,next_1_vol_bar,61,0.13064065387116508,0.05438865665021807,6.132888318688412e-05,0.007831275961615588,0.4918032786885246
HYB,Bloomberg U.S. High Yield Very Liquid Index,Credit,low,3,next_3_vol_bars,63,-6.9865505237439995,-1.459084700224356,0.016677724333147292,-0.12914226393070383,0.42857142857142855
HYB,Bloomberg U.S. High Yield Very Liquid Index,Credit,high,3,next_3_vol_bars,58,-7.2415442310017495,-2.7832684179273794,0.06013180997301715,-0.24521788265340105,0.39655172413793105
HYB,Bloomberg U.S. High Yield Very Liquid Index,Credit,spread,3,next_3_vol_bars,59,-4.207048520415859,-1.6808728492033218,0.023086669866578813,-0.15194298228802436,0.4576271186440678
HYB,Bloomberg U.S. High Yield Very Liquid Index,Credit,low,6,next_6_vol_bars,60,6.881210955686334,0.848883953783038,0.009366665251324124,0.09678153362767217,0.5166666666666667
HYB,Bloomberg U.S. High Yield Very Liquid Index,Credit,high,6,next_6_vol_bars,55,1.7294066199588067,0.42596027439267836,0.002110891693906325,0.04594444138202644,0.509090909090909
HYB,Bloomberg U.S. High Yield Very Liquid Index,Credit,spread,6,next_6_vol_bars,56,1.8484619082399176,0.46159438746865317,0.002820215742223131,0.05310570348110649,0.5357142857142857
HYB,Bloomberg U.S. High Yield Very Liquid Index,Credit,low,12,next_12_vol_bars,54,-9.108088736287982,-1.1786768703589898,0.008490623212081161,-0.09214457776820775,0.5185185185185185
HYB,Bloomberg U.S. High Yield Very Liquid Index,Credit,high,12,next_12_vol_bars,51,4.366029692796858,0.889894745090708,0.005950270599501484,0.07713799711881054,0.5882352941176471
HYB,Bloomberg U.S. High Yield Very Liquid Index,Credit,spread,12,next_12_vol_bars,51,6.025517723264157,1.1691687085957907,0.012938179865504496,0.11374612022176675,0.6078431372549019
DHB,Duration-Hedged IG Credit Index,Credit,low,0,same_vol_bar,48,-1.02291741076996,-0.7525645287418,0.006489169817550433,-0.080555383541702,0.4375
DHB,Duration-Hedged IG Credit Index,Credit,high,0,same_vol_bar,43,-1.4941758467029893,-1.5677255597299398,0.020630606356191628,-0.14363358366409926,0.4418604651162791
DHB,Duration-Hedged IG Credit Index,Credit,spread,0,same_vol_bar,43,-0.6154428180473728,-0.5052909401476461,0.00474126914577655,-0.06885687435381109,0.4883720930232558
DHB,Duration-Hedged IG Credit Index,Credit,low,1,next_1_vol_bar,47,-0.5213962386997494,-0.31937456619665894,0.0015765953203407124,-0.03970636372599138,0.40425531914893614
DHB,Duration-Hedged IG Credit Index,Credit,high,1,next_1_vol_bar,43,-0.8375914377383634,-0.9580030071446622,0.006859689616662279,-0.08282324321506844,0.4186046511627907
DHB,Duration-Hedged IG Credit Index,Credit,spread,1,next_1_vol_bar,43,-0.16914331865650126,-0.278286368953159,0.000378931166080565,-0.019466154373183966,0.4883720930232558
DHB,Duration-Hedged IG Credit Index,Credit,low,3,next_3_vol_bars,45,-0.43211692154550313,-0.1426260278415598,0.00031725462725551434,-0.017811643025150533,0.5777777777777777
DHB,Duration-Hedged IG Credit Index,Credit,high,3,next_3_vol_bars,41,-0.5510524387675662,-0.3888881847531003,0.0009411121623922325,-0.030677551440623337,0.4878048780487805
DHB,Duration-Hedged IG Credit Index,Credit,spread,3,next_3_vol_bars,41,0.5069106518213281,0.37257873725437574,0.0010169656104956903,0.031889898251572076,0.43902439024390244
DHB,Duration-Hedged IG Credit Index,Credit,low,6,next_6_vol_bars,42,-2.2630180618624647,-0.48374806960865707,0.006516289723613844,-0.08072353884471341,0.3333333333333333
DHB,Duration-Hedged IG Credit Index,Credit,high,6,next_6_vol_bars,38,-0.970314599623318,-0.4676089145431153,0.0023008175783557627,-0.04796683831936086,0.42105263157894735
DHB,Duration-Hedged IG Credit Index,Credit,spread,6,next_6_vol_bars,38,2.282575978975147,2.3117186019818394,0.016280251538455803,0.1275940889636185,0.47368421052631576
DHB,Duration-Hedged IG Credit Index,Credit,low,12,next_12_vol_bars,36,-3.4811772961855674,-0.6862086798240902,0.012779657540195832,-0.11304714742175377,0.3333333333333333
DHB,Duration-Hedged IG Credit Index,Credit,high,12,next_12_vol_bars,33,2.447837342914555,1.2023024721921174,0.011354004830011255,0.10655517270415125,0.6060606060606061
DHB,Duration-Hedged IG Credit Index,Credit,spread,12,next_12_vol_bars,33,5.35611959749461,2.1016212576791875,0.07935719528741836,0.2817040917122404,0.6363636363636364
DHY,Duration-Hedged HY Credit Index,Credit,low,0,same_vol_bar,62,-0.4017535813172371,-0.12877644381554815,0.0001853787773157256,-0.013615387519858475,0.43548387096774194
DHY,Duration-Hedged HY Credit Index,Credit,high,0,same_vol_bar,61,-0.5218507263366349,-0.2850747588694807,0.0018418697028483866,-0.04291700948165317,0.4262295081967213
DHY,Duration-Hedged HY Credit Index,Credit,spread,0,same_vol_bar,62,-0.6567309142270225,-0.3241742701128873,0.0023834042350189266,-0.048820121210613104,0.4032258064516129
DHY,Duration-Hedged HY Credit Index,Credit,low,1,next_1_vol_bar,61,-1.944682112767769,-0.5319409783476498,0.00430811136086684,-0.06563620465007665,0.4426229508196721
DHY,Duration-Hedged HY Credit Index,Credit,high,1,next_1_vol_bar,60,1.0287359051854772,0.4272767863787208,0.005781897398743019,0.07603878877745734,0.4666666666666667
DHY,Duration-Hedged HY Credit Index,Credit,spread,1,next_1_vol_bar,61,2.0256992182579197,0.8088381802655134,0.017747264509973104,0.13321885943804396,0.5081967213114754
DHY,Duration-Hedged HY Credit Index,Credit,low,3,next_3_vol_bars,59,6.919902243288816,1.4471291192349929,0.021149575911890595,0.14542893767022683,0.576271186440678
DHY,Duration-Hedged HY Credit Index,Credit,high,3,next_3_vol_bars,58,-1.2768393397753721,-0.39203433212853944,0.0037958503751526207,-0.061610472934012346,0.4482758620689655
DHY,Duration-Hedged HY Credit Index,Credit,spread,3,next_3_vol_bars,59,-2.8436195787519374,-0.8362081335009501,0.015337362176609304,-0.12384410432721245,0.4067796610169492
DHY,Duration-Hedged HY Credit Index,Credit,low,6,next_6_vol_bars,57,13.642981954221913,2.488303046434831,0.05211735845382692,0.22829226542707662,0.45614035087719296
DHY,Duration-Hedged HY Credit Index,Credit,high,6,next_6_vol_bars,55,-0.5291481550382373,-0.2210257299557073,0.00046473273568503615,-0.02155766071921525,0.43636363636363634
DHY,Duration-Hedged HY Credit Index,Credit,spread,6,next_6_vol_bars,56,-3.2308403657112574,-1.265391420831801,0.014064661469326833,-0.11859452546102903,0.4107142857142857
DHY,Duration-Hedged HY Credit Index,Credit,low,12,next_12_vol_bars,51,12.94505020058498,1.0657742006516648,0.027607845116449203,0.1661560866066878,0.5294117647058824
DHY,Duration-Hedged HY Credit Index,Credit,high,12,next_12_vol_bars,49,3.090070002329378,0.8594948845270832,0.008307656713929856,0.09114634778162976,0.4489795918367347
DHY,Duration-Hedged HY Credit Index,Credit,spread,12,next_12_vol_bars,50,1.3790997143422448,0.38536715448358416,0.001185888158249604,0.03443672688061484,0.46
ES,E-mini S&P 500,Equity,low,0,same_vol_bar,156,136.39607935095452,1.9250770384418425,0.03665721785800102,0.1914607475646145,0.5384615384615384
ES,E-mini S&P 500,Equity,high,0,same_vol_bar,156,250.11493569765608,14.553984776271973,0.2812025338068701,0.5302853324455341,0.6923076923076923
ES,E-mini S&P 500,Equity,spread,0,same_vol_bar,156,121.0938956414663,4.90338912996661,0.10360037999837157,0.32187012908682855,0.6153846153846154
ES,E-mini S&P 500,Equity,low,1,next_1_vol_bar,156,-17.55711759261129,-0.24982093138445707,0.0006072456912793456,-0.024642355635761955,0.47435897435897434
ES,E-mini S&P 500,Equity,high,1,next_1_vol_bar,156,4.801151872756493,0.14062676344225022,0.00010359365206968896,0.01017809668207294,0.47435897435897434
ES,E-mini S&P 500,Equity,spread,1,next_1_vol_bar,156,7.951271536370434,0.31627215496850913,0.00044657282911808593,0.021132269852483985,0.47435897435897434
ES,E-mini S&P 500,Equity,low,3,next_3_vol_bars,156,63.90683890177197,0.4239272069377901,0.0028198485446843113,0.05310224613596179,0.5128205128205128
ES,E-mini S&P 500,Equity,high,3,next_3_vol_bars,156,30.41192630520564,0.5076095172275036,0.001456811024064586,0.03816819388004596,0.4807692307692308
ES,E-mini S&P 500,Equity,spread,3,next_3_vol_bars,156,1.526158260169664,0.027448188668568328,5.7662221983889594e-06,0.0024012959414508933,0.4807692307692308
ES,E-mini S&P 500,Equity,low,6,next_6_vol_bars,156,15.302371951449272,0.0886671180486894,7.638296952716672e-05,0.008739735094783211,0.5384615384615384
ES,E-mini S&P 500,Equity,high,6,next_6_vol_bars,156,23.72102127160113,0.24975461710343239,0.00041872611324256237,0.02046279827497871,0.4551282051282051
ES,E-mini S&P 500,Equity,spread,6,next_6_vol_bars,156,10.824600787918522,0.1349872189401364,0.0001370452309515935,0.0117066319217532,0.42948717948717946
ES,E-mini S&P 500,Equity,low,12,next_12_vol_bars,156,111.60399949284607,0.4470207651174849,0.0017499522737968176,0.04183243088558018,0.5641025641025641
ES,E-mini S&P 500,Equity,high,12,next_12_vol_bars,156,103.28950956269902,0.7393341005940339,0.0034195059820709695,0.05847654215214049,0.4423076923076923
ES,E-mini S&P 500,Equity,spread,12,next_12_vol_bars,156,34.59157949833058,0.29862929286324524,0.0006027935452179722,0.024551854211404604,0.4423076923076923
NQ,E-mini Nasdaq-100,Equity,low,0,same_vol_bar,167,724.9981265573377,4.726995198904784,0.10018027575201915,0.3165126786591955,0.5748502994011976
NQ,E-mini Nasdaq-100,Equity,high,0,same_vol_bar,167,433.0443399130672,11.713560511279683,0.39752846667583075,0.6304985857841642,0.7664670658682635
NQ,E-mini Nasdaq-100,Equity,spread,0,same_vol_bar,167,433.32580804691423,10.139989106519005,0.3379098695179533,0.581300154410743,0.7365269461077845
NQ,E-mini Nasdaq-100,Equity,low,1,next_1_vol_bar,167,-128.26302993770125,-0.8019321686832477,0.003163796483138137,-0.05624763535597016,0.46706586826347307
NQ,E-mini Nasdaq-100,Equity,high,1,next_1_vol_bar,167,-70.5649164934202,-1.1383383622564707,0.010650702628847486,-0.10320224139449352,0.41916167664670656
NQ,E-mini Nasdaq-100,Equity,spread,1,next_1_vol_bar,167,-69.53854833536785,-1.0326595939560117,0.008780517259939558,-0.09370441430338075,0.4491017964071856
NQ,E-mini Nasdaq-100,Equity,low,3,next_3_vol_bars,167,190.71834070745297,0.6473285669318433,0.002498398897262444,0.049983986408270634,0.5508982035928144
NQ,E-mini Nasdaq-100,Equity,high,3,next_3_vol_bars,167,64.78757744099572,0.6153236563536826,0.0032066782682655948,0.0566275398394247,0.47904191616766467
NQ,E-mini Nasdaq-100,Equity,spread,3,next_3_vol_bars,167,56.11841764594321,0.45874082808417516,0.0020424479862801714,0.045193450701181255,0.48502994011976047
NQ,E-mini Nasdaq-100,Equity,low,6,next_6_vol_bars,167,-170.95026082580193,-0.4155176122307725,0.0009150444235331845,-0.030249701213949286,0.5029940119760479
NQ,E-mini Nasdaq-100,Equity,high,6,next_6_vol_bars,167,77.13335784620585,0.4558847732860646,0.002071963809193722,0.045518829172045486,0.46706586826347307
NQ,E-mini Nasdaq-100,Equity,spread,6,next_6_vol_bars,167,108.96558997295048,0.5473081700167851,0.00351030379677697,0.05924781681021529,0.47305389221556887
NQ,E-mini Nasdaq-100,Equity,low,12,next_12_vol_bars,167,-730.5242903673532,-1.2866113242469461,0.006959834742926163,-0.08342562401880112,0.46107784431137727
NQ,E-mini Nasdaq-100,Equity,high,12,next_12_vol_bars,167,30.612453328658862,0.14057891523013966,0.00013593175495785204,0.011658977440495254,0.4491017964071856
NQ,E-mini Nasdaq-100,Equity,spread,12,next_12_vol_bars,167,113.43012226703087,0.4337783183615129,0.00158434485331993,0.039803829631332666,0.49101796407185627
YM,E-mini Dow,Equity,low,0,same_vol_bar,156,76.34472621492122,1.51134588114439,0.010311262423131184,0.1015443864678462,0.5384615384615384
YM,E-mini Dow,Equity,high,0,same_vol_bar,153,161.9384099090532,5.9007741237464595,0.14525373121923302,0.38112167508452366,0.673202614379085
YM,E-mini Dow,Equity,spread,0,same_vol_bar,156,125.7262219044596,4.867251680541383,0.0943778095890726,0.307209715974402,0.6666666666666666
YM,E-mini Dow,Equity,low,1,next_1_vol_bar,156,-75.42282166571434,-1.4540954661599284,0.010035246378409912,-0.10017607687671705,0.44871794871794873
YM,E-mini Dow,Equity,high,1,next_1_vol_bar,153,14.313095090806687,0.46728733036958603,0.001124710261726447,0.03353670022119887,0.46405228758169936
YM,E-mini Dow,Equity,spread,1,next_1_vol_bar,156,34.963124215264976,1.204229754094799,0.007277921407055854,0.08531073441868875,0.46153846153846156
YM,E-mini Dow,Equity,low,3,next_3_vol_bars,156,-70.16477407904199,-0.7731989833973772,0.0032941677197405594,-0.05739484053240891,0.46794871794871795
YM,E-mini Dow,Equity,high,3,next_3_vol_bars,153,-31.912270656491764,-0.7028848149818704,0.0022008710220104977,-0.04691344180520481,0.5032679738562091
YM,E-mini Dow,Equity,spread,3,next_3_vol_bars,156,-7.349991649747246,-0.17289013485315677,0.0001219959866101128,-0.01104517933807064,0.4935897435897436
YM,E-mini Dow,Equity,low,6,next_6_vol_bars,156,132.96129309041336,0.7536866171452681,0.00588744576661937,0.07672969286149427,0.5
YM,E-mini Dow,Equity,high,6,next_6_vol_bars,153,-26.33476846694832,-0.3427128798239305,0.00072370375532671,-0.026901742607620353,0.49673202614379086
YM,E-mini Dow,Equity,spread,6,next_6_vol_bars,156,-61.96734526918262,-0.7333236563610847,0.0043158530484080915,-0.06569515239656677,0.47435897435897434
YM,E-mini Dow,Equity,low,12,next_12_vol_bars,156,578.1348252044642,2.1144329363566503,0.05380395760671508,0.23195680116503378,0.532051282051282
YM,E-mini Dow,Equity,high,12,next_12_vol_bars,153,9.010714060430395,0.07027160329866827,4.100116391037023e-05,0.006403215122927935,0.49673202614379086
YM,E-mini Dow,Equity,spread,12,next_12_vol_bars,156,-162.0074664718387,-1.0789313783458918,0.01425904463476757,-0.11941124165993582,0.4551282051282051
RTY,E-mini Russell 2000,Equity,low,0,same_vol_bar,168,110.5766036493411,1.4576463409158091,0.013234666354078106,0.11504201994957314,0.5416666666666666
RTY,E-mini Russell 2000,Equity,high,0,same_vol_bar,168,145.37359505988152,6.877064751625639,0.1830965184713922,0.4278977897481971,0.625
RTY,E-mini Russell 2000,Equity,spread,0,same_vol_bar,168,113.13264883500509,4.743499505090575,0.12894879112110447,0.3590944041907425,0.5833333333333334
RTY,E-mini Russell 2000,Equity,low,1,next_1_vol_bar,168,156.15261550166323,1.5416071984525153,0.026313164090126406,0.16221332895334567,0.5416666666666666
RTY,E-mini Russell 2000,Equity,high,1,next_1_vol_bar,168,-4.717544541151474,-0.2591004959160811,0.00019223350643837733,-0.013864829838058833,0.47023809523809523
RTY,E-mini Russell 2000,Equity,spread,1,next_1_vol_bar,168,-20.833031908159025,-1.0177915772027446,0.004359476750181224,-0.06602633376298588,0.4642857142857143
RTY,E-mini Russell 2000,Equity,low,3,next_3_vol_bars,168,380.0487729757125,2.083430889564861,0.05019079964374462,0.22403303248348153,0.5714285714285714
RTY,E-mini Russell 2000,Equity,high,3,next_3_vol_bars,168,-2.9987931418607423,-0.08041555231916647,2.501272362442908e-05,-0.005001272200591933,0.5
RTY,E-mini Russell 2000,Equity,spread,3,next_3_vol_bars,168,-43.40925829606406,-1.094470452509092,0.006094878267872583,-0.07806970134356035,0.49404761904761907
RTY,E-mini Russell 2000,Equity,low,6,next_6_vol_bars,168,540.4986643187849,2.061599247433569,0.04705289731840112,0.21691679814712603,0.5714285714285714
RTY,E-mini Russell 2000,Equity,high,6,next_6_vol_bars,168,85.49585248808869,1.7531414903540834,0.009423445769501604,0.09707443417039047,0.5238095238095238
RTY,E-mini Russell 2000,Equity,spread,6,next_6_vol_bars,168,15.452833186369746,0.309814764902458,0.00035798778884432725,0.0189205652358536,0.49404761904761907
RTY,E-mini Russell 2000,Equity,low,12,next_12_vol_bars,168,842.9551725091103,2.7864149581565485,0.05140767573325833,0.22673260844717133,0.5952380952380952
RTY,E-mini Russell 2000,Equity,high,12,next_12_vol_bars,168,220.73764926203378,2.1904742379712383,0.02821592916931459,0.16797597795314226,0.5357142857142857
RTY,E-mini Russell 2000,Equity,spread,12,next_12_vol_bars,168,99.25816641902263,1.1260587786654874,0.006634471993679836,0.081452268192358,0.5059523809523809
NIY,Nikkei 225,Equity,low,0,same_vol_bar,155,5.537559375134539,0.15404529101857736,0.00012181090570473341,0.011036797801221621,0.5483870967741935
NIY,Nikkei 225,Equity,high,0,same_vol_bar,153,31.42015663320467,1.9310051960799257,0.01937942017832006,0.1392099859145165,0.49019607843137253
NIY,Nikkei 225,Equity,spread,0,same_vol_bar,155,33.428430531731344,1.6205983396882773,0.019718405017960294,0.14042223833125667,0.5225806451612903
NIY,Nikkei 225,Equity,low,1,next_1_vol_bar,155,-43.117716428115685,-1.152890075739155,0.007406576115174368,-0.08606146707542546,0.45806451612903226
NIY,Nikkei 225,Equity,high,1,next_1_vol_bar,153,-14.142429954097986,-0.808238690118317,0.003886053034167114,-0.0623382148779312,0.477124183006536
NIY,Nikkei 225,Equity,spread,1,next_1_vol_bar,155,-5.790393248105466,-0.2949702569336266,0.0005933521679644116,-0.02435882115301215,0.49032258064516127
NIY,Nikkei 225,Equity,low,3,next_3_vol_bars,155,-57.450043739107564,-0.7063231552605069,0.0044234962296602065,-0.0665093694877645,0.44516129032258067
NIY,Nikkei 225,Equity,high,3,next_3_vol_bars,153,-39.31797822036324,-1.5267816177706672,0.010102588837231807,-0.10051163533259004,0.47058823529411764
NIY,Nikkei 225,Equity,spread,3,next_3_vol_bars,155,-30.124755116432976,-1.1335454841489023,0.005402843812686742,-0.07350403943108542,0.4838709677419355
NIY,Nikkei 225,Equity,low,6,next_6_vol_bars,155,-155.7107691238352,-1.3784346217304906,0.01393185124343177,-0.11803326329231019,0.47096774193548385
NIY,Nikkei 225,Equity,high,6,next_6_vol_bars,153,-41.165128123867426,-0.7513674952453969,0.004745977249044353,-0.06889105347608182,0.5294117647058824
NIY,Nikkei 225,Equity,spread,6,next_6_vol_bars,155,-10.07895159265583,-0.1982800087328064,0.0002592941245775915,-0.016102612352580693,0.5483870967741935
NIY,Nikkei 225,Equity,low,12,next_12_vol_bars,155,-126.7769853802116,-0.8368105850807004,0.003955377476176136,-0.06289179180287774,0.4129032258064516
NIY,Nikkei 225,Equity,high,12,next_12_vol_bars,153,87.46301778981857,0.9605748509644175,0.009195217651290388,0.09589169750969088,0.5424836601307189
NIY,Nikkei 225,Equity,spread,12,next_12_vol_bars,155,124.79442600910066,1.441656069259342,0.017025030524888907,0.13048000047857564,0.5806451612903226
6E,Euro FX,FX,low,0,same_vol_bar,142,3.7384394016967804,0.7798431871297494,0.002988587262085729,0.054667972909975125,0.4647887323943662
6E,Euro FX,FX,high,0,same_vol_bar,143,31.712599525694845,5.833483753294475,0.29366568858379904,0.5419092992224797,0.6503496503496503
6E,Euro FX,FX,spread,0,same_vol_bar,143,16.85740362198042,3.888240187788093,0.14261192520006483,0.3776399412139356,0.6083916083916084
6E,Euro FX,FX,low,1,next_1_vol_bar,141,1.2900605268679008,0.25880878423262826,0.0003480253966166025,0.0186554387945296,0.46099290780141844
6E,Euro FX,FX,high,1,next_1_vol_bar,142,5.858243646442317,1.2878626739187455,0.009769275590778115,0.09883964584506673,0.5845070422535211
6E,Euro FX,FX,spread,1,next_1_vol_bar,142,2.808442848023593,0.9183309227934844,0.003965057004318595,0.0629686986074719,0.5704225352112676
6E,Euro FX,FX,low,3,next_3_vol_bars,139,7.896530602284419,0.7197189657960832,0.004189991624810263,0.06473014463764588,0.5107913669064749
6E,Euro FX,FX,high,3,next_3_vol_bars,140,8.299975418365454,0.8937101269138298,0.007114449739058393,0.08434719757679124,0.5357142857142857
6E,Euro FX,FX,spread,3,next_3_vol_bars,140,1.9589425789203982,0.2504665438513989,0.000664250747551276,0.02577306244029192,0.5214285714285715
6E,Euro FX,FX,low,6,next_6_vol_bars,136,9.64238346921066,0.4984520449144239,0.0028636279324524283,0.05351287632385904,0.45588235294117646
6E,Euro FX,FX,high,6,next_6_vol_bars,137,4.033563272267807,0.3050612502642591,0.0008073785320475979,0.02841440712117171,0.5036496350364964
6E,Euro FX,FX,spread,6,next_6_vol_bars,137,-1.19067210450933,-0.09976822780819887,0.00011511438270905838,-0.010729137090616252,0.5474452554744526
6E,Euro FX,FX,low,12,next_12_vol_bars,130,18.32902769160308,0.6012686027228143,0.00432757027090247,0.06578427069522486,0.5
6E,Euro FX,FX,high,12,next_12_vol_bars,131,6.440619963703079,0.31242897343746345,0.0008685705184153791,0.029471520463245325,0.6259541984732825
6E,Euro FX,FX,spread,12,next_12_vol_bars,131,-2.9439491240686815,-0.14558219089718752,0.00029843744652879867,-0.017275342153738455,0.5877862595419847
6J,Japanese Yen,FX,low,0,same_vol_bar,125,10.04528511260228,2.815485052715362,0.06540208990858354,0.2557383231128717,0.616
6J,Japanese Yen,FX,high,0,same_vol_bar,125,13.698999810354664,3.8379233156254786,0.11409636643082699,0.33778153654518644,0.584
6J,Japanese Yen,FX,spread,0,same_vol_bar,126,1.5007048314537925,0.6568077758227674,0.002724602723594538,0.05219772718801598,0.48412698412698413
6J,Japanese Yen,FX,low,1,next_1_vol_bar,124,-1.6933762497502824,-0.5422948700956391,0.0018613164932759219,-0.043142977334394324,0.49193548387096775
6J,Japanese Yen,FX,high,1,next_1_vol_bar,124,-2.7392754738185565,-0.6273978028251278,0.004563583230594137,-0.06755429838725263,0.49193548387096775
6J,Japanese Yen,FX,spread,1,next_1_vol_bar,125,-0.4712488117232998,-0.1935875158586588,0.0002685737459536819,-0.016388219731064666,0.448
6J,Japanese Yen,FX,low,3,next_3_vol_bars,122,2.7381352922587374,0.45318221356275995,0.00211640597153262,0.0460044125224168,0.48360655737704916
6J,Japanese Yen,FX,high,3,next_3_vol_bars,122,-5.3957115574538586,-1.1267462926469316,0.007883851888767168,-0.0887910574819736,0.47540983606557374
6J,Japanese Yen,FX,spread,3,next_3_vol_bars,123,-4.2125751251341255,-0.9696597086916185,0.009284206381123816,-0.09635458671554581,0.4878048780487805
6J,Japanese Yen,FX,low,6,next_6_vol_bars,119,13.445081721886563,1.4240626608048517,0.024027010921484515,0.15500648670776535,0.4957983193277311
6J,Japanese Yen,FX,high,6,next_6_vol_bars,119,-0.3996818645331671,-0.06668776101836875,2.0868333682866336e-05,-0.004568187133086962,0.46218487394957986
6J,Japanese Yen,FX,spread,6,next_6_vol_bars,120,-7.447369590261376,-1.167231309091946,0.01356271078100324,-0.11645905194961552,0.4583333333333333
6J,Japanese Yen,FX,low,12,next_12_vol_bars,113,21.04537411786382,1.2734637613695037,0.02582900912704178,0.16071406014111464,0.4690265486725664
6J,Japanese Yen,FX,high,12,next_12_vol_bars,113,-6.613566015541623,-0.7889982494006536,0.0025956604959744833,-0.050947625027812964,0.4778761061946903
6J,Japanese Yen,FX,spread,12,next_12_vol_bars,114,-14.528996595946767,-1.422832513775066,0.023345416583210987,-0.15279206976545337,0.49122807017543857
6B,British Pound,FX,low,0,same_vol_bar,137,10.59017119495451,2.098561301579478,0.027271743689971872,0.16514158679742655,0.5109489051094891
6B,British Pound,FX,high,0,same_vol_bar,137,22.192311340737096,4.433825294099512,0.16306887988474683,0.4038178796001323,0.635036496350365
6B,British Pound,FX,spread,0,same_vol_bar,137,7.5363577826349815,1.9013995627854905,0.03596949878633848,0.18965626482227946,0.5766423357664233
6B,British Pound,FX,low,1,next_1_vol_bar,136,2.4769147839075147,0.3436203504130108,0.001475159763475009,0.038407808626308416,0.49264705882352944
6B,British Pound,FX,high,1,next_1_vol_bar,136,2.840597950670042,0.6838499522760814,0.002656592653205281,0.0515421444373957,0.5073529411764706
6B,British Pound,FX,spread,1,next_1_vol_bar,136,0.5351156383671419,0.13305646773815977,0.000181757191307641,0.013481735470919423,0.49264705882352944
6B,British Pound,FX,low,3,next_3_vol_bars,134,7.857562909290402,0.48046752369175144,0.004515723375080327,0.0671991322494608,0.5074626865671642
6B,British Pound,FX,high,3,next_3_vol_bars,134,6.717880006736391,0.8247096213382022,0.004581746684260257,0.06768860084431094,0.5074626865671642
6B,British Pound,FX,spread,3,next_3_vol_bars,134,0.5478151777739386,0.05920827541975733,5.879426286148348e-05,0.007667741705444211,0.5
6B,British Pound,FX,low,6,next_6_vol_bars,131,-8.309831811448685,-0.3115335628728113,0.0025510328655775627,-0.050507750549568575,0.4198473282442748
6B,British Pound,FX,high,6,next_6_vol_bars,131,8.832255682693464,0.8458026326032605,0.004107227727000784,0.0640876565884636,0.549618320610687
6B,British Pound,FX,spread,6,next_6_vol_bars,131,7.768399030837137,0.5920262007309476,0.0059973253932452675,0.07744240048736392,0.5725190839694656
6B,British Pound,FX,low,12,next_12_vol_bars,125,11.87902521281321,0.3856101585789504,0.0023660273947604393,0.04864182762561976,0.456
6B,British Pound,FX,high,12,next_12_vol_bars,125,-9.592501562281948,-0.5460648546342867,0.0021537952754908662,-0.04640899994064559,0.456
6B,British Pound,FX,spread,12,next_12_vol_bars,125,-9.527808446570948,-0.5849872520482424,0.004036989124010071,-0.06353730497912397,0.48
6C,Canadian Dollar,FX,low,0,same_vol_bar,154,10.03472445178192,3.891427312835177,0.053123252409851496,0.23048482034583434,0.5844155844155844
6C,Canadian Dollar,FX,high,0,same_vol_bar,155,12.659258193688324,6.257378950147526,0.14707781930463548,0.38350726108463096,0.6064516129032258
6C,Canadian Dollar,FX,spread,0,same_vol_bar,155,4.915201664902387,2.3526776219963788,0.03127039778905183,0.17683437954496212,0.5032258064516129
6C,Canadian Dollar,FX,low,1,next_1_vol_bar,153,-2.383450950588309,-0.7478547933327905,0.0028433103769658352,-0.05332270039078896,0.46405228758169936
6C,Canadian Dollar,FX,high,1,next_1_vol_bar,154,0.1291017556031551,0.060883842200627786,1.54871840973847e-05,0.0039353759791892476,0.44805194805194803
6C,Canadian Dollar,FX,spread,1,next_1_vol_bar,154,1.0289017327153294,0.4750860523727738,0.0013508272663083076,0.03675360208616883,0.5
6C,Canadian Dollar,FX,low,3,next_3_vol_bars,151,-8.644560509467064,-1.5027333799740323,0.01232377430586451,-0.11101249616986643,0.48344370860927155
6C,Canadian Dollar,FX,high,3,next_3_vol_bars,152,-0.8998521105938679,-0.22548992334130885,0.00025855963828680384,-0.016079789746359124,0.4605263157894737
6C,Canadian Dollar,FX,spread,3,next_3_vol_bars,152,2.592348486621085,0.6899413870060137,0.0029158221906721016,0.05399835359223478,0.5263157894736842
6C,Canadian Dollar,FX,low,6,next_6_vol_bars,148,-15.299041980889001,-1.6285454963621202,0.015966628821855844,-0.12635912638925478,0.4391891891891892
6C,Canadian Dollar,FX,high,6,next_6_vol_bars,149,-2.205586883839566,-0.3146818127006597,0.0006519326651277524,-0.025532972117005014,0.47651006711409394
6C,Canadian Dollar,FX,spread,6,next_6_vol_bars,149,4.011215694418823,0.5439042787695377,0.002996245896513039,0.05473797490328846,0.4966442953020134
6C,Canadian Dollar,FX,low,12,next_12_vol_bars,142,-5.1140728233467545,-0.325197051324127,0.0006381106416136761,-0.025260851957403976,0.5422535211267606
6C,Canadian Dollar,FX,high,12,next_12_vol_bars,143,-2.840074771721955,-0.25912731114341286,0.0003854433529892898,-0.01963271130000738,0.46153846153846156
6C,Canadian Dollar,FX,spread,12,next_12_vol_bars,143,-0.21119203281807614,-0.01825894023162506,2.975113166825416e-06,-0.0017248516361813657,0.44755244755244755
6A,Australian Dollar,FX,low,0,same_vol_bar,141,38.676552872491676,4.606745177504023,0.14275729551993588,0.37783236430980327,0.624113475177305
6A,Australian Dollar,FX,high,0,same_vol_bar,142,28.965736397640544,5.537660343700001,0.11600355055179701,0.3405929396681569,0.5845070422535211
6A,Australian Dollar,FX,spread,0,same_vol_bar,143,1.4426652055612403,0.34836507092927854,0.0004945988430091752,0.022239578301066935,0.5384615384615384
6A,Australian Dollar,FX,low,1,next_1_vol_bar,140,0.14164485423804143,0.016664069295609908,1.868186029319041e-06,0.0013668160188678223,0.4714285714285714
6A,Australian Dollar,FX,high,1,next_1_vol_bar,141,-1.5555919216604974,-0.2108744822672,0.00033267214964660674,-0.01823930233443008,0.475177304964539
6A,Australian Dollar,FX,spread,1,next_1_vol_bar,142,-0.9605358538578177,-0.15178683892758174,0.00021862838967556808,-0.014786087706886856,0.4647887323943662
6A,Australian Dollar,FX,low,3,next_3_vol_bars,138,12.063558932558117,0.7243267492368248,0.0047439597842324766,0.06887640948998842,0.5362318840579711
6A,Australian Dollar,FX,high,3,next_3_vol_bars,139,-8.999104125095249,-0.6529171169125985,0.0039759832979463505,-0.06305539864235549,0.4892086330935252
6A,Australian Dollar,FX,spread,3,next_3_vol_bars,140,-9.86970395933429,-0.8295921826585968,0.008230871095596615,-0.09072414835972038,0.4142857142857143
6A,Australian Dollar,FX,low,6,next_6_vol_bars,135,27.215803796627533,0.8913747356976255,0.011118978804126378,0.10544656847961635,0.5703703703703704
6A,Australian Dollar,FX,high,6,next_6_vol_bars,136,-16.84378932060116,-0.7566062379941938,0.005790765415349952,-0.07609707888841698,0.49264705882352944
6A,Australian Dollar,FX,spread,6,next_6_vol_bars,137,-20.958981013356013,-0.9612996628721497,0.015537674944765989,-0.1246502103679163,0.46715328467153283
6A,Australian Dollar,FX,low,12,next_12_vol_bars,129,23.112727701245554,0.39467604275684887,0.0032000834385028654,0.056569279989256316,0.4806201550387597
6A,Australian Dollar,FX,high,12,next_12_vol_bars,130,-22.88445045379695,-0.7464375649904971,0.004293961573072713,-0.06552832649375953,0.5307692307692308
6A,Australian Dollar,FX,spread,12,next_12_vol_bars,131,-23.080704328996504,-0.6178707175322627,0.007522689918767145,-0.08673344175557142,0.5038167938931297
6N,New Zealand Dollar,FX,low,0,same_vol_bar,141,15.109169744131641,1.8847414520302508,0.02232732895986711,0.14942332133862854,0.5602836879432624
6N,New Zealand Dollar,FX,high,0,same_vol_bar,144,14.28735144974565,3.119774708008756,0.05943667097851513,0.24379637195519338,0.5972222222222222
6N,New Zealand Dollar,FX,spread,0,same_vol_bar,144,9.716984942976834,1.9098019331002758,0.026374868195205514,0.16240341189521026,0.5555555555555556
6N,New Zealand Dollar,FX,low,1,next_1_vol_bar,140,-11.018881199998768,-1.3449901413798704,0.012486225040694632,-0.11174177840313039,0.44285714285714284
6N,New Zealand Dollar,FX,high,1,next_1_vol_bar,143,-1.3754200146355156,-0.317066640742902,0.0005506189395830807,-0.02346527092498898,0.5384615384615384
6N,New Zealand Dollar,FX,spread,1,next_1_vol_bar,143,2.297782763885955,0.4855905799459042,0.0014737705985220506,0.038389719958890976,0.4825174825174825
6N,New Zealand Dollar,FX,low,3,next_3_vol_bars,138,-26.134528238013516,-1.9368084231874942,0.020806999910217727,-0.14424631679948585,0.427536231884058
6N,New Zealand Dollar,FX,high,3,next_3_vol_bars,141,-1.4739953077187635,-0.2166323063806427,0.00019622021067489115,-0.014007862459161104,0.49645390070921985
6N,New Zealand Dollar,FX,spread,3,next_3_vol_bars,141,7.355414449214415,0.8878521845158147,0.004686992484765451,0.06846161322058715,0.5319148936170213
6N,New Zealand Dollar,FX,low,6,next_6_vol_bars,135,-52.56212274688862,-2.121656877976737,0.035652309477152366,-0.18881819159485744,0.4148148148148148
6N,New Zealand Dollar,FX,high,6,next_6_vol_bars,138,-14.564627135843901,-1.2000853868454548,0.008042410017666035,-0.0896794849319833,0.45652173913043476
6N,New Zealand Dollar,FX,spread,6,next_6_vol_bars,138,2.6694546606420246,0.19630784294395376,0.0002609589245572419,0.01615422311833796,0.5
6N,New Zealand Dollar,FX,low,12,next_12_vol_bars,129,-94.75918186072629,-2.725221293982888,0.049130038122988884,-0.22165296777392574,0.34108527131782945
6N,New Zealand Dollar,FX,high,12,next_12_vol_bars,132,-21.50139343659241,-1.2914590261842185,0.007165864708755354,-0.08465143063620097,0.4318181818181818
6N,New Zealand Dollar,FX,spread,12,next_12_vol_bars,132,10.954496082554144,0.4614254595529097,0.001781410987908849,0.04220676471738709,0.5075757575757576
6S,Swiss Franc,FX,low,0,same_vol_bar,151,14.134053025038384,2.059800034311913,0.017095063667427857,0.13074809240454613,0.5629139072847682
6S,Swiss Franc,FX,high,0,same_vol_bar,150,19.360309162425544,4.687205063422251,0.16735451696965065,0.4090898641736929,0.6333333333333333
6S,Swiss Franc,FX,spread,0,same_vol_bar,151,13.744839824010276,3.36668602659943,0.10218139739548737,0.31965825094229494,0.6291390728476821
6S,Swiss Franc,FX,low,1,next_1_vol_bar,150,-5.42895978530057,-0.6437872675087976,0.002477586466812176,-0.049775360036991165,0.47333333333333333
6S,Swiss Franc,FX,high,1,next_1_vol_bar,149,-0.2889854794489525,-0.09941142313872862,3.658868696065909e-05,-0.0060488583187639,0.4966442953020134
6S,Swiss Franc,FX,spread,1,next_1_vol_bar,150,0.638529201445216,0.21690703176355647,0.0002116540821017754,0.014548336059548814,0.5133333333333333
6S,Swiss Franc,FX,low,3,next_3_vol_bars,148,9.037799038706058,0.6487903320358074,0.0027319506105105695,0.05226806492028026,0.44594594594594594
6S,Swiss Franc,FX,high,3,next_3_vol_bars,147,7.124324988292406,1.1224469766197058,0.008782651710251832,0.09371580288431595,0.5374149659863946
6S,Swiss Franc,FX,spread,3,next_3_vol_bars,148,4.49664763548258,0.8660710209127981,0.00417153814532234,0.06458744572532849,0.581081081081081
6S,Swiss Franc,FX,low,6,next_6_vol_bars,145,6.813214441605622,0.29823195689344656,0.0006564927208791982,0.02562211390341329,0.4827586206896552
6S,Swiss Franc,FX,high,6,next_6_vol_bars,144,7.334410543329671,0.8054294873439056,0.003977726795311276,0.06306922225072469,0.5625
6S,Swiss Franc,FX,spread,6,next_6_vol_bars,145,5.07581957990917,0.6327909590147301,0.0022575209678665775,0.047513376725578226,0.5448275862068965
6S,Swiss Franc,FX,low,12,next_12_vol_bars,139,33.51237784480963,0.842982637144668,0.006634676619526103,0.08145352429162304,0.4892086330935252
6S,Swiss Franc,FX,high,12,next_12_vol_bars,138,21.15146905007076,1.5505352181031782,0.014063072967456125,0.1185878280746215,0.5144927536231884
6S,Swiss Franc,FX,spread,12,next_12_vol_bars,139,12.476125629189061,1.029627010868337,0.005734372224681872,0.07572563782948062,0.49640287769784175
6M,Mexican Peso,FX,low,0,same_vol_bar,131,10.2564342050399,3.813443932175658,0.07988250016333887,0.28263492382106414,0.549618320610687
6M,Mexican Peso,FX,high,0,same_vol_bar,132,12.061837233268385,3.8572467734914846,0.06658805994728223,0.25804662359209796,0.5757575757575758
6M,Mexican Peso,FX,spread,0,same_vol_bar,132,-1.404104041214283,-0.6698267387822511,0.0031356296683715534,-0.055996693369978555,0.4696969696969697
6M,Mexican Peso,FX,low,1,next_1_vol_bar,130,1.7491088186742552,0.5325998790719191,0.0022382275671670726,0.04730990981989804,0.4846153846153846
6M,Mexican Peso,FX,high,1,next_1_vol_bar,131,-2.6032754879648294,-0.6913930821160734,0.0030953376055105064,-0.055635758335001374,0.4732824427480916
6M,Mexican Peso,FX,spread,1,next_1_vol_bar,131,-1.5658776447006841,-0.740655315652584,0.00386324018827644,-0.06215496913583521,0.4351145038167939
6M,Mexican Peso,FX,low,3,next_3_vol_bars,129,6.666719656679882,1.1517409623006707,0.010424997516603307,0.10210287712206387,0.4728682170542636
6M,Mexican Peso,FX,high,3,next_3_vol_bars,129,0.5287939326066572,0.061364130503584545,4.099742189300759e-05,0.006402922917933327,0.5658914728682171
6M,Mexican Peso,FX,spread,3,next_3_vol_bars,129,-2.9396038668986333,-0.6801077800374495,0.004368860269302166,-0.06609735448035846,0.5038759689922481
6M,Mexican Peso,FX,low,6,next_6_vol_bars,126,11.009631465894055,1.1321384575188729,0.014615546113165845,0.12089477289430521,0.5317460317460317
6M,Mexican Peso,FX,high,6,next_6_vol_bars,126,-10.799600347602757,-1.1761743863087841,0.009003556899453535,-0.09488707445934576,0.46825396825396826
6M,Mexican Peso,FX,spread,6,next_6_vol_bars,126,-8.183889383835918,-1.3876400558747137,0.01768716228112366,-0.13299309110297342,0.4365079365079365
6M,Mexican Peso,FX,low,12,next_12_vol_bars,120,24.171546886822462,1.4227543929428037,0.028406873800982058,0.16854338848196376,0.6
6M,Mexican Peso,FX,high,12,next_12_vol_bars,120,-19.43793787987563,-1.0719249603790355,0.012193457215393111,-0.11042398840556873,0.425
6M,Mexican Peso,FX,spread,12,next_12_vol_bars,120,-16.379857130074168,-1.430182052659614,0.029525044941621115,-0.17182853354906216,0.39166666666666666
6L,Brazilian Real,FX,low,0,same_vol_bar,132,30.747179032303038,4.790056560166174,0.08874951446924617,0.2979085672974953,0.5227272727272727
6L,Brazilian Real,FX,high,0,same_vol_bar,136,24.73957705115326,4.899058087886059,0.139959773857128,0.3741119803710223,0.6102941176470589
6L,Brazilian Real,FX,spread,0,same_vol_bar,136,12.729363355019373,2.3885437118201005,0.03579570100463636,0.18919751849492203,0.5661764705882353
6L,Brazilian Real,FX,low,1,next_1_vol_bar,131,-15.926977105322775,-1.69810804276553,0.023876519515489303,-0.15452028836204432,0.45038167938931295
6L,Brazilian Real,FX,high,1,next_1_vol_bar,135,-1.1131933729428656,-0.2601452117293317,0.0002836580760988694,-0.01684215176569948,0.5037037037037037
6L,Brazilian Real,FX,spread,1,next_1_vol_bar,135,5.412085756570178,1.0312494988947867,0.00646877223704978,0.0804286779516465,0.5037037037037037
6L,Brazilian Real,FX,low,3,next_3_vol_bars,129,0.06851594039827093,0.0036836180942377496,1.7309824873468216e-07,0.00041605077653662266,0.5038759689922481
6L,Brazilian Real,FX,high,3,next_3_vol_bars,133,6.107362793956211,0.7741128814468012,0.0033903105071273476,0.05822637295184307,0.46616541353383456
6L,Brazilian Real,FX,spread,3,next_3_vol_bars,133,6.242896938550574,0.9687041206212983,0.003431127322925609,0.05857582541395023,0.5037593984962406
6L,Brazilian Real,FX,low,6,next_6_vol_bars,126,10.816712760375507,0.3984773820468139,0.0018974508612948915,0.043559738994798106,0.5714285714285714
6L,Brazilian Real,FX,high,6,next_6_vol_bars,130,27.653413090232263,1.9080049054112842,0.02986992676037481,0.17282918376355,0.6153846153846154
6L,Brazilian Real,FX,spread,6,next_6_vol_bars,130,24.42032979202189,2.210296145445914,0.022161845579479866,0.1488685513447347,0.6
6L,Brazilian Real,FX,low,12,next_12_vol_bars,120,21.48835092155292,0.5267962441930784,0.0029475762843976794,0.054291585760572685,0.525
6L,Brazilian Real,FX,high,12,next_12_vol_bars,124,33.512950947888555,1.2687580388290562,0.017126354177362857,0.1308676972264852,0.6048387096774194
6L,Brazilian Real,FX,spread,12,next_12_vol_bars,124,25.179387381685302,1.210860690825297,0.009499226287062346,0.09746397430365031,0.5967741935483871
CNH,Offshore Renminbi,FX,low,0,same_vol_bar,64,0.9098659514469769,0.8039504638367898,0.009507123569323706,0.09750447973977283,0.5
CNH,Offshore Renminbi,FX,high,0,same_vol_bar,66,1.4140212443159506,1.4567237222837834,0.026607396340692646,0.16311773766421797,0.4696969696969697
CNH,Offshore Renminbi,FX,spread,0,same_vol_bar,67,0.5338565214891743,0.9482380576879806,0.006624134843919438,0.08138878819542276,0.5373134328358209
CNH,Offshore Renminbi,FX,low,1,next_1_vol_bar,64,2.665363338682894,2.4003510755646973,0.07926453587216342,0.2815395813596438,0.640625
CNH,Offshore Renminbi,FX,high,1,next_1_vol_bar,65,1.723475819524652,2.313516147052251,0.04082592319710743,0.20205425805240368,0.47692307692307695
CNH,Offshore Renminbi,FX,spread,1,next_1_vol_bar,66,-0.3729911991986249,-0.7075958460907567,0.0031147816308224607,-0.05581022872934921,0.4090909090909091
CNH,Offshore Renminbi,FX,low,3,next_3_vol_bars,62,2.885801416354803,0.9599453771414178,0.02578977691458373,0.16059195781415614,0.5161290322580645
CNH,Offshore Renminbi,FX,high,3,next_3_vol_bars,63,1.9806348319420797,1.2044015873614855,0.014318679678198887,0.11966068559973542,0.47619047619047616
CNH,Offshore Renminbi,FX,spread,3,next_3_vol_bars,64,-0.3491332572809768,-0.21408198790715272,0.0007420231945569622,-0.027240102689911352,0.484375
CNH,Offshore Renminbi,FX,low,6,next_6_vol_bars,59,6.103026272963269,1.309639849074175,0.04368374449765278,0.20900656568072853,0.5932203389830508
CNH,Offshore Renminbi,FX,high,6,next_6_vol_bars,60,4.442602229976531,1.7096189498308485,0.02651899117781764,0.1628465264530314,0.48333333333333334
CNH,Offshore Renminbi,FX,spread,6,next_6_vol_bars,61,-0.6546823147740679,-0.266010312952214,0.0009511846984542327,-0.030841282373700096,0.47540983606557374
CNH,Offshore Renminbi,FX,low,12,next_12_vol_bars,53,6.463091877813543,0.9906091994895104,0.015715456946028716,0.12536130561711964,0.5094339622641509
CNH,Offshore Renminbi,FX,high,12,next_12_vol_bars,54,0.949718437534197,0.20788671458323138,0.00037083934934944995,0.019257189549604564,0.48148148148148145
CNH,Offshore Renminbi,FX,spread,12,next_12_vol_bars,56,-2.963885755443651,-0.7180417495184643,0.006853116101759649,-0.08278354970499463,0.5
6Z,South African Rand,FX,low,0,same_vol_bar,84,2.352242675421819,0.23458853298538068,0.0006591292900249845,0.02567351339464323,0.5476190476190477
6Z,South African Rand,FX,high,0,same_vol_bar,88,9.839334588119511,1.8051868733970382,0.029304442477256054,0.1711854038090168,0.5795454545454546
6Z,South African Rand,FX,spread,0,same_vol_bar,88,5.7544968462109845,1.383071242965608,0.015521653151932435,0.12458592678120868,0.5681818181818182
6Z,South African Rand,FX,low,1,next_1_vol_bar,83,-8.911060079681876,-1.2054457103702776,0.009345886167777762,-0.09667412356870575,0.4819277108433735
6Z,South African Rand,FX,high,1,next_1_vol_bar,87,5.032230049448148,0.9164161502208059,0.0076150919907881365,0.08726449444526867,0.4827586206896552
6Z,South African Rand,FX,spread,1,next_1_vol_bar,87,5.433410758255887,1.3854421768745644,0.013804271224130527,0.11749157937542103,0.40229885057471265
6Z,South African Rand,FX,low,3,next_3_vol_bars,81,8.66648976380142,0.4108417499027958,0.003200957729937115,0.056577007078291684,0.49382716049382713
6Z,South African Rand,FX,high,3,next_3_vol_bars,85,2.927993534230865,0.26094294160229026,0.0009541349890860307,0.03088907556217927,0.4470588235294118
6Z,South African Rand,FX,spread,3,next_3_vol_bars,85,-0.3020487913205016,-0.03296827718304433,1.5683243878239495e-05,-0.003960207554911119,0.4117647058823529
6Z,South African Rand,FX,low,6,next_6_vol_bars,78,-6.456791024574363,-0.21731004398790654,0.0007037969959582391,-0.02652917254567122,0.5384615384615384
6Z,South African Rand,FX,high,6,next_6_vol_bars,82,17.209702215667313,0.9688098337221406,0.013281571574992657,0.11524570089592377,0.5365853658536586
6Z,South African Rand,FX,spread,6,next_6_vol_bars,82,12.80453764179549,0.8498488389311998,0.011285281136426573,0.10623220385752416,0.5121951219512195
6Z,South African Rand,FX,low,12,next_12_vol_bars,72,-35.66603494330092,-0.7374339368617404,0.008678500760970542,-0.09315847122495384,0.5
6Z,South African Rand,FX,high,12,next_12_vol_bars,76,4.018234560365226,0.11777098287789667,0.0002796806223170911,0.01672365457419624,0.4868421052631579
6Z,South African Rand,FX,spread,12,next_12_vol_bars,76,10.870718005046339,0.46724239136357665,0.0031495622535873125,0.05612096091111944,0.4868421052631579
CL,WTI Crude Oil,Energy,low,0,same_vol_bar,144,409.4196046486288,2.4723926269564283,0.051918974014154684,0.227857354531634,0.5625
CL,WTI Crude Oil,Energy,high,0,same_vol_bar,145,528.9885478273042,7.6841563854627335,0.33310034443037806,0.5771484596101577,0.6344827586206897
CL,WTI Crude Oil,Energy,spread,0,same_vol_bar,145,421.0211057793352,6.390717785268958,0.2123644000823215,0.4608301206326703,0.6137931034482759
CL,WTI Crude Oil,Energy,low,1,next_1_vol_bar,143,1.403774165836756,0.011177794282604975,5.700542159425837e-07,0.0007550193478747816,0.46153846153846156
CL,WTI Crude Oil,Energy,high,1,next_1_vol_bar,144,-38.897108074640734,-0.49646558937955204,0.0017964019526971464,-0.04238398226567705,0.5069444444444444
CL,WTI Crude Oil,Energy,spread,1,next_1_vol_bar,144,-39.79268732812781,-0.45505326039812405,0.0018456751720535847,-0.042961321814553644,0.5
CL,WTI Crude Oil,Energy,low,3,next_3_vol_bars,141,122.11385461911942,0.4454712413688522,0.0016595840981763477,0.04073799330080548,0.475177304964539
CL,WTI Crude Oil,Energy,high,3,next_3_vol_bars,142,-193.82742280865986,-1.8667760312382458,0.017768293195142504,-0.1332977614033422,0.5140845070422535
CL,WTI Crude Oil,Energy,spread,3,next_3_vol_bars,142,-233.26390367252844,-2.016489564265605,0.024473819433508903,-0.15644110531925065,0.5140845070422535
CL,WTI Crude Oil,Energy,low,6,next_6_vol_bars,138,-362.8234769521449,-1.483310945154938,0.010252632935344397,-0.101255285962483,0.47101449275362317
CL,WTI Crude Oil,Energy,high,6,next_6_vol_bars,139,-321.4025110023509,-3.131919243099183,0.034089028533342725,-0.18463214382480267,0.5251798561151079
CL,WTI Crude Oil,Energy,spread,6,next_6_vol_bars,139,-249.38640525340026,-1.982013668069041,0.01944401824747377,-0.139441809538867,0.5251798561151079
CL,WTI Crude Oil,Energy,low,12,next_12_vol_bars,132,-311.04936132908136,-1.1500382812166057,0.0046263931012635595,-0.06801759405671076,0.5
CL,WTI Crude Oil,Energy,high,12,next_12_vol_bars,133,-394.68384569448955,-2.241387723986792,0.0312815964312515,-0.17686604092151614,0.5112781954887218
CL,WTI Crude Oil,Energy,spread,12,next_12_vol_bars,133,-328.56021505068344,-1.7772217689623526,0.021154096734629757,-0.14544447990429127,0.5338345864661654
BZ,Brent Crude Oil,Energy,low,0,same_vol_bar,141,224.93652082359992,3.2327180586102373,0.047265331443800296,0.21740591400373663,0.5319148936170213
BZ,Brent Crude Oil,Energy,high,0,same_vol_bar,141,132.83278228172566,3.601089910840063,0.08105847224588991,0.2847076961479788,0.5602836879432624
BZ,Brent Crude Oil,Energy,spread,0,same_vol_bar,142,83.39818657245294,2.432250321130285,0.033327977545780096,0.18255951781756047,0.5352112676056338
BZ,Brent Crude Oil,Energy,low,1,next_1_vol_bar,140,148.85745327175215,1.367036518117693,0.018847630751602673,0.1372866736125639,0.5142857142857142
BZ,Brent Crude Oil,Energy,high,1,next_1_vol_bar,140,-58.99239151140057,-1.588958349169854,0.015700871958348794,-0.12530312030571655,0.44285714285714284
BZ,Brent Crude Oil,Energy,spread,1,next_1_vol_bar,141,-87.53495984475785,-2.5058254285192056,0.034297561763592,-0.18519600903796954,0.41843971631205673
BZ,Brent Crude Oil,Energy,low,3,next_3_vol_bars,138,299.7899708440211,1.7119166432867012,0.03431402897199587,0.18524046256689222,0.5217391304347826
BZ,Brent Crude Oil,Energy,high,3,next_3_vol_bars,138,-70.31143805337398,-1.4302772385241573,0.010388669111710325,-0.10192482088142443,0.427536231884058
BZ,Brent Crude Oil,Energy,spread,3,next_3_vol_bars,139,-127.65697061876256,-2.531802487242101,0.03235289153027887,-0.17986909553972527,0.4172661870503597
BZ,Brent Crude Oil,Energy,low,6,next_6_vol_bars,135,227.718648907052,1.3191485202247206,0.013451890615037487,0.1159822857812248,0.5185185185185185
BZ,Brent Crude Oil,Energy,high,6,next_6_vol_bars,135,-66.93869132695657,-1.2342636371883142,0.005809867178165007,-0.07622248472836,0.4740740740740741
BZ,Brent Crude Oil,Energy,spread,6,next_6_vol_bars,136,-111.33125886612505,-1.870048683132388,0.01565239346264402,-0.12510952586691387,0.4485294117647059
BZ,Brent Crude Oil,Energy,low,12,next_12_vol_bars,129,339.6083092031368,1.4127902279813633,0.01836354477337765,0.13551215728995572,0.5736434108527132
BZ,Brent Crude Oil,Energy,high,12,next_12_vol_bars,129,58.902951773165306,0.7188334369399498,0.0028624874720268867,0.05350221931870333,0.4806201550387597
BZ,Brent Crude Oil,Energy,spread,12,next_12_vol_bars,130,-7.031555154919917,-0.07426171040480345,3.8402716148300264e-05,-0.00619699250833363,0.43846153846153846
