,kmeans_3,dbscan,spectral_3
0,0,0,0
2,1,0,0
5,0,0,0
7,1,0,1
10,1,-1,0
12,1,-1,0
15,0,0,0
17,1,0,0
20,1,-1,0
22,2,-1,0
25,0,0,0
27,0,0,0
30,0,0,0
32,1,-1,1
35,1,0,1
37,1,0,1
40,0,0,0
42,1,-1,1
45,1,0,0
47,0,0,2
50,1,0,1
52,1,-1,1
55,2,-1,0
57,0,0,0
60,1,0,0
62,0,0,0
65,0,0,0
67,0,0,0
70,0,0,0
72,2,-1,0
74,0,0,0
77,1,0,0
79,0,0,0
82,0,0,0
84,0,0,0
87,0,-1,0
89,0,0,2
92,0,0,2
94,1,0,0
97,0,0,2
99,0,-1,0
102,0,0,2
104,1,0,0
107,0,0,0
109,0,0,2
112,0,0,0
114,0,0,2
117,0,0,2
119,2,-1,0
122,0,-1,0
124,0,0,0
127,2,-1,0
129,0,-1,0
132,2,-1,0
134,2,-1,0
137,1,0,0
139,0,0,0
141,0,0,0
144,2,-1,0
146,1,0,1
149,1,-1,1
151,0,0,2
154,1,0,1
156,2,-1,0
159,0,0,0
161,1,-1,1
164,0,-1,0
166,0,-1,0
169,0,0,0
171,0,0,0
174,0,0,0
176,1,-1,1
179,0,0,0
181,1,0,1
184,1,0,1
186,1,0,1
189,1,0,0
191,0,0,0
194,0,0,0
196,0,0,0
199,0,0,0
201,0,-1,0
204,0,0,0
206,0,0,0
209,0,-1,0
211,0,0,0
213,0,0,0
216,0,0,0
218,0,0,0
221,0,0,0
223,0,0,2
226,0,0,0
228,0,0,0
231,0,0,0
233,0,0,0
236,0,0,2
238,0,0,0
241,0,0,2
243,0,0,0
246,0,-1,0
248,0,0,0
251,0,0,0
253,0,0,2
256,0,0,0
258,0,0,0
261,0,0,2
263,0,-1,0
266,1,0,0
268,1,0,0
271,0,0,2
273,0,0,2
276,1,0,1
278,0,0,2
280,0,0,2
283,0,0,2
285,0,0,0
288,0,0,2
290,0,0,2
293,0,0,2
295,0,0,2
298,0,0,2
300,0,0,0
303,1,0,0
305,0,-1,0
308,2,-1,0
310,2,-1,0
313,1,0,0
315,0,0,0
318,0,0,0
320,0,0,0
323,0,0,0
325,0,0,0
328,1,0,0
330,2,-1,0
333,0,-1,0
335,0,0,0
338,2,-1,0
340,0,-1,0
343,2,-1,0
345,0,0,0
348,1,0,0
350,1,0,0
352,0,0,0
355,0,0,0
357,1,0,0
360,0,0,0
362,2,-1,0
365,2,-1,0
367,0,0,0
370,2,-1,0
372,1,0,0
375,0,0,0
377,0,0,0
380,0,0,0
382,1,0,0
385,0,0,0
387,2,-1,0
390,2,0,0
392,0,0,0
395,0,0,0
397,0,0,0
400,0,0,0
402,0,0,0
405,2,-1,0
407,2,-1,0
410,1,0,0
412,1,0,1
415,0,0,2
417,0,0,2
419,0,0,2
422,0,0,2
424,0,0,0
427,0,-1,0
429,0,0,2
432,0,0,2
434,0,0,2
437,0,0,2
439,0,0,2
442,0,0,2
444,0,0,0
447,2,-1,0
449,1,0,0
452,0,0,0
454,0,0,2
457,1,-1,0
459,2,-1,0
462,0,0,0
464,0,0,0
467,0,-1,0
469,0,0,2
472,0,0,2
474,0,0,0
477,0,0,2
479,1,0,0
482,0,-1,0
484,0,0,0
487,1,0,0
489,2,-1,0
491,2,-1,0
494,2,-1,0
496,1,0,0
499,0,0,0
501,0,0,0
504,2,-1,0
506,2,-1,0
509,0,0,2
511,0,0,2
514,0,0,2
516,0,0,2
519,1,0,1
521,1,-1,1
524,1,0,0
526,1,0,0
529,0,0,0
531,0,0,0
534,1,-1,1
536,1,0,0
539,0,0,0
541,1,0,0
544,1,-1,1
546,0,0,0
549,0,-1,0
551,2,0,0
554,0,0,0
556,0,-1,0
558,0,0,2
561,0,-1,0
563,0,0,0
566,2,-1,0
568,0,0,2
571,0,0,0
573,0,0,0
576,0,0,0
578,0,-1,0
581,0,0,0
583,0,0,2
586,0,0,2
588,0,0,2
591,0,-1,0
593,0,0,0
596,0,-1,0
598,0,0,2
601,0,0,2
603,0,0,2
606,0,0,0
608,0,0,2
611,0,0,0
613,0,0,2
616,0,0,0
618,1,0,0
621,0,0,2
623,0,0,2
626,0,0,0
628,0,0,0
630,0,0,0
633,0,0,0
635,0,0,0
638,1,-1,1
640,1,0,1
643,1,-1,1
645,1,0,0
648,0,0,0
650,0,0,0
653,0,0,0
655,0,0,0
658,0,0,0
660,0,0,2
663,2,0,0
665,0,0,0
668,0,0,0
670,0,0,0
673,2,-1,0
675,1,0,1
678,0,0,0
680,0,-1,0
683,0,0,0
685,1,0,1
688,0,0,0
690,1,-1,0
693,0,0,0
695,0,0,0
697,1,0,0
700,0,0,0
702,0,0,0
705,0,0,2
707,0,0,0
710,0,0,2
712,0,-1,0
715,0,0,2
717,0,0,2
720,0,0,2
722,0,0,2
725,0,0,2
727,0,0,2
730,0,0,2
732,0,0,0
735,0,0,2
737,0,0,0
740,0,0,2
742,0,0,2
745,1,0,0
747,0,0,2
750,0,0,0
752,0,0,2
755,0,0,0
757,0,0,0
760,0,0,2
762,0,-1,0
765,0,0,0
767,0,0,2
769,0,0,2
772,0,0,2
774,0,0,0
777,0,0,0
779,0,0,0
782,0,0,0
784,0,0,0
787,0,0,0
789,0,0,0
792,0,0,0
794,2,-1,0
797,0,0,0
799,0,0,0
802,2,0,0
804,1,-1,1
807,0,0,0
809,1,0,0
812,0,0,0
814,2,-1,0
817,1,0,0
819,2,-1,0
822,2,-1,0
824,0,0,0
827,1,0,1
829,0,0,0
832,0,0,0
834,2,-1,0
836,2,-1,0
839,2,-1,0
841,0,0,0
844,1,-1,1
846,0,0,0
849,0,0,0
851,0,0,0
854,0,0,0
856,0,0,0
859,1,0,0
861,0,0,0
864,0,0,0
866,0,0,0
869,2,-1,0
871,2,-1,0
874,0,0,0
876,0,0,0
879,0,0,0
881,2,-1,0
884,0,0,0
886,0,0,0
889,1,-1,1
891,1,-1,1
894,0,0,0
896,1,-1,1
899,0,0,0
901,1,0,0
904,0,0,0
906,0,0,0
908,0,0,0
911,0,0,0
913,0,0,0
916,0,0,2
918,1,-1,1
921,0,0,0
923,1,0,1
926,0,0,0
928,0,0,0
931,0,0,0
933,2,-1,0
936,0,0,0
938,1,0,0
941,0,0,0
943,1,0,1
946,1,0,0
948,1,0,0
951,0,0,0
953,0,0,0
956,2,-1,0
958,2,0,0
961,2,-1,0
963,2,-1,0
966,0,0,2
968,0,-1,0
971,0,0,0
973,0,0,0
976,0,0,0
978,0,0,0
980,0,0,0
983,0,0,2
985,0,0,0
988,0,0,2
990,0,0,0
993,0,0,0
995,0,0,0
998,0,0,0
1000,0,0,2
1003,0,0,0
1005,0,0,0
1008,2,-1,0
1010,2,-1,0
1013,2,-1,0
1015,0,0,0
1018,0,0,0
1020,2,-1,0
1023,2,-1,0
1025,2,-1,0
1028,1,0,0
1030,0,0,2
1033,0,0,2
1035,0,0,0
1038,1,0,0
1040,2,-1,0
1043,0,0,0
1045,0,0,0
1047,0,0,0
1050,1,0,0
1052,1,0,0
1055,0,0,0
1057,0,0,0
1060,0,0,0
1062,0,0,0
1065,1,-1,0
1067,0,-1,0
1070,0,0,0
1072,0,0,0
1075,2,0,0
1077,1,0,0
1080,0,0,0
1082,0,0,0
1085,0,-1,0
1087,0,0,0
1090,1,0,0
1092,1,0,0
1095,1,0,0
1097,0,0,0
1100,0,0,0
1102,1,-1,0
1105,1,0,0
1107,0,0,0
1110,0,0,0
1112,0,0,2
1115,0,0,0
1117,0,0,2
1119,0,0,0
1122,0,0,0
1124,0,0,0
1127,0,0,0
1129,1,0,0
1132,1,0,0
1134,0,0,0
1137,1,0,1
1139,0,0,0
1142,2,-1,0
1144,0,0,0
1147,2,-1,0
1149,0,0,0
1152,0,0,0
1154,0,0,0
1157,2,-1,0
1159,0,0,0
1162,0,0,0
1164,0,0,0
1167,0,0,0
1169,2,0,0
1172,0,0,0
1174,1,0,0
1177,0,0,0
1179,1,-1,1
1182,0,0,2
1184,1,0,1
1186,1,0,1
1189,0,0,0
1191,0,0,0
1194,0,0,0
1196,1,0,0
1199,0,0,0
1201,0,-1,0
1204,0,0,0
1206,0,0,0
1209,0,0,0
1211,2,-1,0
1214,0,-1,0
1216,1,0,1
1219,1,0,1
1221,1,0,0
1224,0,0,0
1226,1,-1,0
1229,0,0,0
1231,1,0,1
1234,0,0,0
1236,1,0,1
1239,0,0,0
1241,1,0,0
1244,1,-1,1
1246,0,0,2
1249,0,0,2
1251,0,0,2
1254,0,0,0
1256,1,0,0
1258,0,0,2
1261,0,0,2
1263,0,0,0
1266,0,-1,0
1268,0,0,0
1271,2,-1,0
1273,1,0,0
1276,0,0,0
1278,0,0,2
1281,0,0,2
1283,0,0,0
1286,1,-1,1
1288,0,0,0
1291,0,0,0
1293,0,0,0
1296,0,0,2
1298,0,0,2
1301,0,0,2
1303,0,0,2
1306,0,0,2
1308,0,0,2
1311,0,0,0
1313,0,0,2
1316,0,0,0
1318,1,-1,0
1321,0,0,0
1323,1,0,0
1325,1,0,0
1328,0,0,0
1330,0,0,0
1333,0,0,0
1335,1,0,0
1338,0,0,0
1340,0,0,0
1343,1,0,0
1345,2,-1,0
1348,0,0,0
1350,1,0,0
1353,0,0,0
1355,1,0,1
1358,0,0,0
1360,0,0,0
1363,0,0,0
1365,0,0,2
1368,0,0,2
1370,0,0,2
1373,0,0,0
1375,1,0,0
1378,1,0,0
1380,1,0,0
1383,1,0,1
1385,0,0,0
1388,0,0,0
1390,1,0,0
1393,1,-1,0
1395,0,0,0
1397,0,0,0
1400,0,0,0
1402,0,0,0
1405,0,0,0
1407,0,0,0
1410,0,0,2
1412,0,0,0
1415,0,0,0
1417,0,0,2
1420,0,0,0
1422,0,0,0
1425,0,0,0
1427,1,-1,1
1430,2,-1,0
1432,0,0,0
1435,0,0,0
1437,0,-1,0
1440,2,0,0
1442,2,-1,0
1445,0,0,0
1447,0,0,0
1450,0,0,0
1452,0,0,0
1455,2,-1,0
1457,0,0,0
1460,2,0,0
1462,1,0,1
1464,0,0,0
1467,1,0,1
1469,0,0,0
1472,2,-1,0
1474,1,0,0
1477,1,-1,1
1479,0,0,2
1482,1,0,1
1484,2,-1,0
1487,1,0,0
1489,0,-1,0
1492,0,0,0
1494,1,0,0
1497,1,0,0
1499,0,0,0
1502,0,0,0
1504,0,0,0
1507,1,0,1
1509,1,0,1
1512,0,0,0
1514,0,-1,0
1517,1,0,0
1519,1,0,0
1522,0,0,0
1524,0,0,0
1527,0,0,0
1529,0,0,0
1532,1,-1,1
1534,0,0,0
1536,1,0,0
1539,1,0,0
1541,0,0,0
1544,1,0,0
1546,1,0,1
1549,0,0,0
1551,2,0,0
1554,0,0,0
1556,1,0,0
1559,0,0,0
1561,0,0,0
1564,2,-1,0
1566,2,-1,0
1569,1,-1,0
1571,2,-1,0
1574,0,0,0
1576,2,-1,0
1579,1,0,0
1581,0,0,0
1584,2,-1,0
1586,2,-1,0
1589,2,-1,0
1591,2,-1,0
1594,2,-1,0
1596,0,0,2
1599,0,0,0
1601,0,0,0
1603,2,-1,0
1606,2,-1,0
1608,0,0,0
1611,1,-1,0
1613,0,0,0
1616,2,-1,0
1618,2,-1,0
1621,2,-1,0
1623,2,-1,0
1626,1,0,0
1628,1,0,0
1631,2,0,0
1633,1,0,1
1636,2,-1,0
1638,0,0,0
1641,0,0,0
1643,0,0,0
1646,0,0,0
1648,0,0,0
1651,0,0,0
1653,0,0,0
1656,0,0,0
1658,1,0,1
1661,1,0,0
1663,0,0,0
1666,0,0,0
1668,0,0,0
1671,2,-1,0
1673,0,0,0
1675,0,0,0
1678,2,-1,0
1680,0,0,0
1683,0,0,0
1685,0,0,0
1688,0,0,0
1690,0,0,0
1693,0,0,0
1695,0,0,0
1698,1,0,0
1700,2,-1,0
1703,0,0,0
1705,2,-1,0
1708,2,-1,0
1710,0,0,0
1713,2,0,0
1715,0,0,0
1718,0,0,0
1720,2,-1,0
1723,2,-1,0
1725,2,-1,0
1728,2,-1,0
1730,0,0,0
1733,2,-1,0
1735,2,-1,0
1738,0,0,0
1740,2,-1,0
1742,2,-1,0
1745,0,-1,0
1747,0,0,0
1750,0,0,0
1752,1,0,0
1755,2,-1,0
1757,2,-1,0
1760,2,-1,0
1762,2,-1,0
1765,1,0,1
1767,1,-1,1
1770,0,0,0
1772,0,0,0
1775,1,0,0
1777,0,0,0
1780,0,0,0
1782,2,-1,0
1785,0,0,0
1787,2,0,0
1790,0,0,0
1792,0,0,0
1795,0,0,0
1797,0,0,0
1800,0,0,2
1802,2,0,0
1805,0,0,0
1807,0,0,2
1810,0,0,0
1812,1,-1,1
1814,2,-1,0
1817,2,-1,0
1819,2,-1,0
1822,1,0,1
1824,0,0,0
1827,0,0,0
1829,0,0,0
1832,0,0,0
1834,0,0,0
1837,0,0,2
1839,0,0,0
1842,0,0,0
1844,0,0,0
1847,0,0,0
1849,0,-1,0
1852,1,-1,0
1854,1,-1,1
1857,2,-1,0
1859,0,0,0
1862,2,-1,0
1864,0,0,0
1867,0,0,2
1869,0,0,0
1872,0,0,0
1874,2,0,0
1877,0,-1,0
1879,0,0,0
1882,0,0,0
1884,2,-1,0
1886,0,-1,0
1889,2,-1,0
1891,2,-1,0
1894,2,-1,0
1896,2,-1,0
1899,0,0,0
1901,1,0,1
1904,0,0,2
1906,1,-1,0
1909,1,0,0
1911,2,-1,0
1914,0,0,0
1916,2,-1,0
1919,1,-1,0
1921,2,-1,0
1924,2,-1,0
1926,0,0,0
1929,2,-1,0
1931,0,0,0
1934,2,-1,0
1936,2,0,0
1939,0,0,0
1941,2,-1,0
1944,1,0,1
1946,0,0,0
1949,2,-1,0
1951,2,-1,0
1953,2,0,0
1956,1,0,0
1958,2,-1,0
1961,0,0,0
1963,0,0,0
1966,1,0,0
1968,0,0,0
1971,1,-1,0
1973,1,0,1
1976,1,0,0
1978,1,0,0
1981,1,0,0
1983,1,0,0
1986,0,0,0
1988,2,-1,0
1991,2,0,0
1993,1,0,0
1996,1,-1,0
1998,0,0,0
2001,2,-1,0
2003,2,-1,0
2006,2,0,0
2008,1,0,0
2011,1,-1,0
2013,0,0,0
2016,2,-1,0
2018,2,-1,0
2021,1,0,1
2023,1,-1,0
2025,1,-1,1
2028,0,0,2
2030,1,0,0
2033,1,0,0
2035,0,0,0
2038,1,0,0
2040,0,0,0
2043,1,0,0
2045,0,0,0
2048,2,0,0
2050,0,0,0
2053,0,0,0
2055,0,0,0
2058,1,0,1
2060,0,0,2
2063,0,0,0
2065,0,0,0
2068,0,0,2
2070,0,0,0
2073,0,0,0
2075,1,0,0
2078,2,-1,0
2080,1,0,0
2083,1,0,0
2085,0,-1,0
2088,0,0,0
2090,0,0,0
2092,0,0,0
2095,0,0,0
2097,2,-1,0
2100,0,0,0
2102,0,0,0
2105,0,0,0
2107,0,-1,0
2110,0,0,0
2112,2,-1,0
2115,0,0,0
2117,1,-1,0
2120,0,0,0
2122,0,0,0
2125,0,0,0
2127,2,-1,0
2130,0,0,0
2132,0,0,0
2135,0,0,0
2137,0,-1,0
2140,0,0,0
2142,0,0,2
2145,0,0,2
2147,0,0,0
2150,0,0,0
2152,0,0,2
2155,0,0,0
2157,0,0,0
2160,2,0,0
2162,0,0,0
2164,0,0,0
2167,2,-1,0
2169,0,0,0
2172,2,-1,0
2174,2,-1,0
2177,0,0,0
2179,1,-1,0
2182,2,-1,0
2184,2,-1,0
2187,2,-1,0
2189,1,0,0
2192,2,-1,0
2194,1,-1,0
2197,2,-1,0
2199,0,0,0
2202,0,0,0
2204,1,0,1
2207,1,0,1
2209,2,0,0
2212,2,-1,0
2214,0,0,0
2217,0,0,0
2219,2,0,0
2222,2,-1,0
2224,0,0,0
2227,0,0,0
2229,2,-1,0
2231,2,-1,0
2234,1,0,0
2236,1,0,0
2239,1,-1,1
2241,2,0,0
2244,0,-1,0
2246,1,-1,0
2249,2,-1,0
2251,2,-1,0
2254,2,-1,0
2256,2,-1,0
2259,2,-1,0
2261,1,-1,1
2264,2,-1,0
2266,2,-1,0
2269,0,0,0
2271,2,-1,0
2274,2,-1,0
2276,1,-1,1
2279,2,-1,0
2281,2,-1,0
2284,1,0,1
2286,1,-1,1
2289,0,0,2
2291,2,-1,0
2294,2,-1,0
2296,2,-1,0
2299,2,-1,0
2301,2,-1,0
2303,2,-1,0
2306,2,-1,0
2308,1,-1,1
2311,1,0,0
2313,1,0,0
2316,0,0,0
2318,1,0,0
2321,0,0,2
2323,0,0,0
2326,2,-1,0
2328,0,0,0
2331,2,-1,0
2333,1,0,0
2336,0,0,0
2338,1,-1,1
2341,2,-1,0
2343,1,0,1
2346,0,0,0
2348,0,0,0
2351,0,0,0
2353,2,-1,0
2356,0,-1,0
2358,0,0,0
2361,0,0,0
2363,0,0,0
2366,0,0,0
2368,0,0,0
2370,2,-1,0
2373,1,0,0
2375,1,0,0
2378,0,0,0
2380,0,0,0
2383,2,-1,0
2385,2,0,0
2388,0,0,0
2390,2,-1,0
2393,0,0,0
2395,0,0,0
2398,0,0,0
2400,0,0,0
2403,0,0,0
2405,0,0,0
2408,0,0,2
2410,0,0,0
2413,1,0,0
2415,0,0,0
2418,0,0,2
2420,1,0,0
2423,0,0,0
2425,2,-1,0
2428,0,0,0
2430,0,0,0
2433,0,0,0
2435,0,0,0
2438,0,0,0
2440,1,0,0
2442,2,0,0
2445,1,0,0
2447,0,-1,0
2450,1,0,0
2452,1,0,0
2455,1,-1,1
2457,1,-1,1
2460,2,-1,0
2462,2,-1,0
2465,0,0,0
2467,0,0,0
2470,0,0,0
2472,0,0,0
2475,0,0,0
2477,2,-1,0
2480,0,0,0
2482,0,0,0
2485,2,0,0
2487,0,0,0
2490,0,0,0
2492,0,0,2
2495,0,0,0
2497,0,0,2
2500,0,0,2
2502,0,0,0
2505,0,0,0
2507,0,0,0
2509,0,0,0
2512,0,0,0
2514,0,0,0
2517,0,0,0
2519,0,0,0
2522,0,0,2
2524,0,0,0
2527,2,-1,0
2529,2,-1,0
2532,0,0,2
2534,0,0,0
2537,2,-1,0
2539,0,0,2
2542,0,0,0
2544,2,-1,0
2547,2,-1,0
2549,1,0,0
2552,1,-1,1
2554,0,0,2
2557,0,0,0
2559,1,0,1
2562,1,0,1
2564,2,-1,0
2567,1,0,1
2569,0,0,0
2572,0,0,0
2574,0,0,2
2577,0,0,2
2579,0,0,0
2581,1,0,0
2584,0,0,0
2586,0,0,2
2589,2,-1,0
2591,2,-1,0
2594,1,0,0
2596,1,0,1
2599,0,0,2
2601,0,0,0
2604,0,0,0
2606,1,0,0
2609,1,0,1
2611,0,0,0
2614,1,-1,0
2616,0,-1,0
2619,1,0,1
2621,0,0,0
2624,0,0,0
2626,0,0,0
2629,1,-1,1
2631,1,0,0
2634,1,0,1
2636,1,-1,1
2639,1,-1,1
2641,1,-1,1
2644,1,-1,0
2646,1,-1,1
2648,1,0,0
2651,1,0,0
2653,0,-1,0
2656,0,0,0
2658,0,0,0
2661,2,-1,0
2663,1,-1,0
2666,2,0,0
2668,1,0,0
2671,1,0,1
2673,1,-1,1
2676,0,0,0
2678,2,-1,0
2681,1,-1,1
2683,2,-1,0
2686,1,-1,1
2688,1,0,0
2691,1,-1,1
2693,1,-1,0
2696,1,-1,0
2698,2,-1,0
2701,1,-1,0
2703,0,0,0
2706,0,0,0
2708,0,-1,0
2711,1,0,0
2713,1,0,0
2716,0,-1,0
2718,2,-1,0
2720,0,0,0
2723,0,0,0
2725,0,0,0
2728,0,0,0
2730,0,-1,0
2733,0,0,0
2735,0,-1,0
2738,1,0,1
2740,1,-1,1
2743,1,0,1
2745,1,0,0
2748,1,0,0
2750,1,-1,1
2753,1,0,1
2755,1,0,0
2758,0,0,0
2760,1,0,0
2763,0,-1,0
2765,1,0,0
2768,1,0,0
2770,0,0,0
2773,1,0,0
2775,1,-1,0
2778,2,-1,0
2780,2,-1,0
2783,1,0,0
2785,0,0,0
2788,1,0,0
2790,0,0,0
2792,1,-1,0
2795,0,-1,0
2797,1,0,0
2800,1,-1,1
2802,0,0,2
2805,0,0,0
2807,0,0,0
2810,1,0,0
2812,0,0,0
2815,1,0,1
2817,0,0,0
2820,0,0,0
2822,0,0,0
2825,0,0,0
2827,1,0,0
2830,1,0,1
2832,2,-1,0
2835,1,0,0
2837,0,0,0
2840,1,-1,0
2842,1,0,0
2845,2,-1,0
2847,1,0,1
2850,0,0,0
2852,0,0,0
2855,0,0,0
2857,2,-1,0
2859,2,-1,0
2862,0,0,0
2864,1,0,1
2867,1,0,0
2869,0,0,0
2872,0,0,0
2874,2,-1,0
2877,2,-1,0
2879,2,-1,0
2882,1,-1,1
2884,2,-1,0
2887,2,-1,0
2889,2,-1,0
2892,0,0,0
2894,0,0,0
2897,0,0,0
2899,1,-1,1
2902,2,-1,0
2904,0,0,0
2907,0,0,0
2909,1,-1,0
2912,1,-1,0
2914,1,-1,0
2917,2,-1,0
2919,1,0,0
2922,2,-1,0
2924,2,0,0
2927,1,0,1
2929,1,0,0
2931,2,0,0
2934,2,-1,0
2936,2,-1,0
2939,2,-1,0
2941,1,0,1
2944,1,-1,1
2946,1,-1,1
2949,0,0,2
2951,0,0,0
2954,1,0,0
2956,0,0,0
2959,0,0,0
2961,1,0,1
2964,2,-1,0
2966,1,0,1
2969,0,0,0
2971,0,0,0
2974,0,0,2
2976,2,-1,0
2979,0,0,0
2981,0,0,0
2984,0,0,0
2986,0,0,0
2989,0,0,0
2991,0,0,0
2994,1,0,1
2996,0,0,0
2998,0,0,0
3001,0,0,0
3003,2,-1,0
3006,0,0,0
3008,1,0,0
3011,1,0,1
3013,1,0,1
3016,0,0,0
3018,1,-1,1
3021,0,-1,0
3023,0,0,0
3026,0,0,0
3028,1,0,1
3031,0,0,0
3033,2,0,0
3036,0,0,0
3038,0,0,0
3041,1,0,0
3043,1,0,1
3046,1,0,0
3048,0,0,0
3051,0,0,0
3053,0,-1,0
3056,0,-1,0
3058,0,0,0
3061,0,0,0
3063,0,0,0
3066,0,0,2
3068,0,0,2
3070,0,0,0
3073,0,-1,0
3075,2,-1,0
3078,1,0,0
3080,1,0,1
3083,0,-1,0
3085,0,0,0
3088,0,0,0
3090,1,0,1
3093,2,-1,0
3095,1,0,1
3098,1,0,0
3100,2,-1,0
3103,0,0,0
3105,0,0,0
3108,2,-1,0
3110,2,-1,0
3113,0,0,0
3115,0,0,0
3118,1,0,0
3120,0,0,0
3123,2,-1,0
3125,0,-1,0
3128,0,-1,0
3130,0,0,0
3133,0,0,0
3135,0,0,0
3137,2,-1,0
3140,0,0,0
3142,0,0,2
3145,0,0,0
3147,0,0,2
3150,0,0,0
3152,0,0,2
3155,0,0,0
3157,2,-1,0
3160,0,0,0
3162,0,0,0
3165,1,-1,1
3167,1,0,0
3170,0,0,0
3172,0,0,0
3175,1,0,1
3177,1,0,0
3180,0,0,0
3182,2,-1,0
3185,0,0,0
3187,1,-1,1
3190,1,0,0
3192,2,-1,0
3195,0,0,0
3197,0,0,0
3200,1,0,0
3202,2,-1,0
3205,1,0,0
3207,0,0,0
3209,2,-1,0
3212,1,0,0
3214,1,0,1
3217,1,-1,1
3219,2,-1,0
3222,0,0,0
3224,2,0,0
3227,0,0,0
3229,0,0,0
3232,0,0,0
3234,1,0,0
3237,1,0,1
3239,0,0,0
3242,1,0,0
3244,0,0,0
3247,2,-1,0
3249,0,0,0
3252,2,0,0
3254,2,-1,0
3257,2,-1,0
3259,2,0,0
3262,2,-1,0
3264,2,-1,0
3267,1,0,0
3269,0,0,0
3272,1,0,0
3274,0,0,0
3276,2,0,0
3279,0,0,0
3281,1,0,0
3284,1,0,1
3286,1,0,1
3289,0,0,0
3291,2,-1,0
3294,2,-1,0
3296,2,-1,0
3299,2,-1,0
3301,0,0,0
3304,2,-1,0
3306,1,0,1
3309,1,0,0
3311,0,0,0
3314,2,-1,0
3316,0,0,0
3319,0,-1,0
3321,1,-1,0
3324,1,0,0
3326,0,0,0
3329,0,0,0
3331,0,0,0
3334,0,-1,0
3336,1,-1,1
3339,0,0,0
3341,0,0,0
3344,0,0,0
3346,0,0,0
3348,1,0,0
3351,1,0,0
3353,0,0,0
3356,2,0,0
3358,0,0,0
3361,0,0,0
3363,0,0,0
3366,2,-1,0
3368,0,-1,0
3371,0,-1,0
3373,0,-1,0
3376,0,-1,0
3378,0,0,0
3381,0,-1,0
3383,2,-1,0
3386,0,0,0
3388,2,-1,0
3391,0,-1,0
3393,0,0,2
3396,0,0,0
3398,2,-1,0
3401,0,0,0
3403,1,0,0
3406,2,-1,0
3408,2,-1,0
3411,0,0,2
3413,0,0,2
3415,2,-1,0
3418,2,-1,0
3420,2,-1,0
3423,2,-1,0
3425,1,0,0
3428,2,-1,0
3430,2,-1,0
3433,2,-1,0
3435,0,0,0
3438,1,0,0
3440,2,-1,0
3443,2,0,0
3445,2,-1,0
3448,1,0,0
3450,2,-1,0
3453,1,-1,0
3455,2,0,0
3458,2,-1,0
3460,1,-1,1
3463,1,0,1
3465,0,0,0
3468,1,0,1
3470,1,0,0
3473,0,0,0
3475,1,0,0
3478,0,0,0
3480,1,0,0
3483,1,0,0
3485,1,0,0
3487,1,0,0
3490,1,0,0
3492,1,0,1
3495,1,0,0
3497,1,0,0
3500,1,0,0
3502,1,0,1
3505,1,-1,0
3507,1,0,1
3510,1,0,1
3512,1,0,1
3515,1,-1,1
3517,1,0,0
3520,1,0,0
3522,1,0,0
3525,1,0,1
3527,1,0,0
3530,1,0,0
3532,1,0,1
3535,1,0,1
3537,1,0,0
3540,1,0,1
3542,1,-1,0
3545,1,-1,0
3547,1,-1,0
3550,0,0,0
3552,0,0,2
3555,2,-1,0
3557,2,0,0
3559,1,-1,1
3562,2,0,0
3564,0,0,0
3567,1,0,0
3569,0,0,0
3572,1,0,0
3574,1,0,0
3577,0,0,0
3579,0,0,0
3582,2,0,0
3584,1,0,1
3587,0,0,0
3589,1,-1,0
3592,0,0,0
3594,1,0,0
3597,1,0,0
3599,1,0,0
3602,0,0,0
3604,1,-1,0
3607,1,0,0
3609,1,0,0
3612,1,0,1
3614,2,-1,0
3617,1,0,0
3619,2,-1,0
3622,1,0,0
3624,0,0,0
3626,1,0,0
3629,1,-1,1
3631,0,0,2
3634,0,0,2
3636,1,0,0
3639,0,-1,0
3641,1,0,1
3644,1,0,0
3646,1,0,0
3649,1,0,0
3651,0,0,0
3654,1,0,0
3656,0,0,0
3659,0,0,0
3661,0,0,0
3664,0,0,0
3666,0,0,0
3669,0,0,2
3671,0,0,2
3674,0,0,2
3676,0,0,2
3679,0,0,2
3681,0,-1,0
3684,0,0,0
3686,0,0,2
3689,0,0,0
3691,0,0,0
3694,2,-1,0
3696,2,-1,0
3698,0,0,2
3701,1,0,0
3703,1,-1,1
3706,2,-1,0
3708,2,-1,0
3711,0,0,0
3713,0,0,0
3716,2,-1,0
3718,0,0,0
3721,0,-1,0
3723,0,0,0
3726,1,-1,0
3728,1,0,0
3731,0,0,0
3733,1,0,0
3736,1,0,0
3738,2,-1,0
3741,0,0,0
3743,1,0,0
3746,0,-1,0
3748,0,0,0
3751,1,0,0
3753,1,0,1
3756,1,0,1
3758,0,0,0
3761,1,0,0
3763,2,-1,0
3765,0,0,0
3768,0,-1,0
3770,0,0,0
3773,0,0,2
3775,0,0,0
3778,0,0,0
3780,1,-1,0
3783,1,0,0
3785,0,0,0
3788,0,0,0
3790,2,-1,0
3793,0,0,0
3795,2,-1,0
3798,0,0,0
3800,0,0,0
3803,0,0,0
3805,0,0,2
3808,0,0,0
3810,0,0,0
3813,0,0,0
3815,0,0,2
3818,1,0,1
3820,0,0,0
3823,0,0,0
3825,0,0,0
3828,0,0,0
3830,0,0,0
3833,0,0,0
3835,0,0,0
3837,0,0,2
3840,0,0,0
3842,0,0,2
3845,0,0,0
3847,0,-1,0
3850,1,0,1
3852,1,0,0
3855,0,0,0
3857,0,0,2
3860,2,-1,0
3862,0,0,0
3865,1,0,1
3867,0,0,0
3870,0,0,2
3872,0,0,0
3875,1,0,1
3877,1,0,0
3880,2,-1,0
3882,1,0,1
3885,2,-1,0
3887,0,0,0
3890,2,-1,0
3892,1,0,0
3895,2,-1,0
3897,1,0,0
3900,0,0,0
3902,2,-1,0
3904,0,0,0
3907,0,0,0
3909,2,-1,0
3912,0,0,0
3914,2,-1,0
3917,0,0,0
3919,1,-1,0
3922,0,-1,0
3924,1,0,0
3927,1,-1,0
3929,0,0,0
3932,1,-1,1
3934,0,0,0
3937,0,0,0
3939,1,0,0
3942,0,0,0
3944,0,0,0
3947,1,0,1
3949,0,0,0
3952,2,-1,0
3954,1,-1,1
3957,2,-1,0
3959,0,0,0
3962,1,0,0
3964,0,0,0
3967,2,-1,0
3969,1,0,1
3972,1,0,0
3974,0,0,0
3976,0,-1,0
3979,2,-1,0
3981,0,0,0
3984,0,0,0
3986,0,0,0
3989,0,0,0
3991,0,0,0
3994,0,0,0
3996,0,0,0
3999,0,0,0
4001,0,0,0
4004,0,0,0
4006,1,-1,1
4009,0,0,0
4011,0,0,0
4014,2,-1,0
4016,0,0,0
4019,0,0,0
4021,1,0,0
4024,0,0,0
4026,0,0,0
4029,0,0,0
4031,2,0,0
4034,0,-1,0
4036,2,-1,0
4039,0,0,0
4041,2,-1,0
4043,1,-1,1
4046,0,0,0
4048,1,-1,1
4051,0,0,2
4053,0,0,2
4056,0,0,0
4058,0,0,2
4061,1,0,0
4063,1,-1,1
4066,0,0,0
4068,0,-1,0
4071,0,0,0
4073,0,0,2
4076,0,0,2
4078,0,0,2
4081,0,0,0
4083,0,0,0
4086,0,0,0
4088,0,0,0
4091,1,0,0
4093,0,0,0
4096,0,0,0
4098,0,0,0
4101,1,0,0
4103,0,0,0
4106,0,0,0
4108,0,0,0
4111,0,0,2
4113,0,-1,0
4115,0,0,0
4118,0,0,0
4120,1,-1,1
4123,0,0,0
4125,0,0,0
4128,0,0,0
4130,1,0,1
4133,2,-1,0
4135,1,-1,0
4138,1,0,0
4140,0,0,2
4143,0,0,0
4145,1,0,0
4148,1,-1,0
4150,1,0,1
4153,1,0,1
4155,0,0,0
4158,0,0,2
4160,0,0,2
4163,0,0,0
4165,0,0,0
4168,0,0,2
4170,2,-1,0
4173,0,0,0
4175,0,0,2
4178,0,0,0
4180,0,0,0
4182,0,0,0
4185,1,-1,0
4187,1,0,0
4190,0,0,0
4192,0,0,0
4195,0,0,0
4197,0,0,0
4200,1,0,0
4202,1,0,0
4205,0,0,0
4207,0,0,0
4210,2,-1,0
4212,0,0,0
4215,0,0,0
4217,0,0,0
4220,0,0,0
4222,0,-1,0
4225,0,0,0
4227,0,0,0
4230,2,-1,0
4232,2,-1,0
4235,0,-1,0
4237,1,0,1
4240,0,0,0
4242,0,0,0
4245,0,0,0
4247,0,0,0
4250,0,0,0
4252,0,0,2
4254,0,0,0
4257,0,-1,0
4259,0,0,0
4262,0,0,2
4264,0,0,0
4267,0,-1,0
4269,0,0,0
4272,1,-1,1
4274,0,0,0
4277,0,0,0
4279,0,-1,0
4282,1,-1,1
4284,2,-1,0
4287,0,-1,0
4289,1,0,0
4292,0,0,0
4294,1,0,1
4297,0,-1,0
4299,2,0,0
4302,1,0,0
4304,1,0,0
4307,0,0,0
4309,2,-1,0
4312,2,-1,0
4314,2,0,0
4317,0,0,0
4319,1,0,1
4321,0,-1,0
4324,0,0,0
4326,0,-1,0
4329,1,0,0
4331,1,0,0
4334,2,0,0
4336,1,0,0
4339,0,0,0
4341,0,0,0
4344,0,0,0
4346,0,0,0
4349,0,0,0
4351,0,0,0
4354,0,0,0
4356,0,0,0
4359,1,0,0
4361,2,0,0
4364,0,0,0
4366,0,0,0
4369,2,-1,0
4371,1,0,1
4374,1,0,0
4376,1,0,0
4379,0,0,0
4381,0,0,0
4384,0,0,0
4386,0,0,0
4389,0,0,0
4391,2,-1,0
4393,0,0,2
4396,0,0,0
4398,1,0,0
4401,1,0,1
4403,1,0,0
4406,2,-1,0
4408,2,-1,0
4411,2,-1,0
4413,0,0,0
4416,1,-1,1
4418,1,-1,0
4421,0,0,0
4423,0,0,0
4426,1,0,1
4428,1,0,0
4431,1,0,0
4433,0,0,0
4436,1,0,0
4438,1,0,1
4441,1,0,0
4443,1,0,0
4446,1,0,1
4448,0,0,0
4451,0,0,0
4453,1,0,0
4456,0,0,0
4458,0,0,0
4461,1,0,0
4463,0,0,0
4465,1,0,1
4468,1,0,0
4470,1,0,1
4473,1,-1,0
4475,0,0,0
4478,0,0,0
4480,1,0,0
4483,1,-1,1
4485,1,0,0
4488,1,0,1
4490,1,0,0
4493,1,0,0
4495,1,0,1
4498,0,0,0
4500,0,0,0
4503,0,0,0
4505,0,0,0
4508,0,0,0
4510,1,0,0
4513,1,0,0
4515,0,0,0
4518,0,0,0
4520,0,0,0
4523,0,0,0
4525,1,0,0
4528,1,0,0
4530,0,0,0
4532,0,0,0
4535,0,0,0
4537,1,0,1
4540,0,0,2
4542,0,0,2
4545,0,0,0
4547,1,0,0
4550,0,0,0
4552,0,0,2
4555,0,0,2
4557,0,0,0
4560,0,0,0
4562,0,0,0
4565,1,-1,0
4567,1,0,1
4570,0,0,0
4572,0,0,0
4575,2,-1,0
4577,2,-1,0
4580,2,-1,0
4582,1,0,0
4585,1,0,0
4587,0,0,0
4590,0,0,2
4592,0,0,0
4595,0,0,0
4597,0,0,0
4600,2,-1,0
4602,2,-1,0
4604,2,-1,0
4607,0,0,0
4609,1,0,1
4612,0,0,0
4614,0,0,2
4617,1,0,0
4619,0,0,0
4622,0,0,0
4624,0,0,0
4627,1,0,0
4629,0,0,0
4632,0,-1,0
4634,0,0,0
4637,0,0,0
4639,0,0,0
4642,0,0,0
4644,1,0,0
4647,1,0,1
4649,0,0,0
4652,0,0,0
4654,1,0,0
4657,1,0,0
4659,0,-1,0
4662,0,-1,0
4664,0,0,0
4667,0,-1,0
4669,0,0,0
4671,0,-1,0
4674,0,0,0
4676,1,0,0
4679,0,0,0
4681,2,-1,0
4684,0,0,0
4686,2,-1,0
4689,2,-1,0
4691,2,0,0
4694,2,-1,0
4696,0,-1,0
4699,0,0,0
4701,1,-1,0
4704,2,-1,0
4706,1,0,0
4709,0,0,0
4711,2,-1,0
4714,1,0,0
4716,0,0,0
4719,0,0,0
4721,2,-1,0
4724,0,0,0
4726,0,0,0
4729,0,-1,0
4731,1,0,1
4734,0,0,0
4736,1,0,1
4739,1,0,0
4741,1,0,1
4743,0,0,0
4746,0,0,0
4748,0,0,0
4751,0,0,0
4753,2,-1,0
4756,1,0,0
4758,1,0,0
4761,1,0,0
4763,1,0,0
4766,1,0,1
4768,1,0,1
4771,1,0,0
4773,1,0,0
4776,0,0,0
4778,1,0,1
4781,1,0,0
4783,1,0,0
4786,1,0,0
4788,1,0,1
4791,1,0,1
4793,2,-1,0
4796,2,-1,0
4798,2,-1,0
4801,1,0,0
4803,1,0,1
4806,1,-1,1
4808,0,0,2
4810,0,0,0
4813,1,-1,0
4815,1,0,0
4818,0,0,0
4820,0,0,0
4823,0,0,0
4825,2,-1,0
4828,0,0,2
4830,0,0,0
4833,0,0,0
4835,0,0,0
4838,1,0,0
4840,1,-1,1
4843,0,0,0
4845,1,0,1
4848,1,0,1
4850,0,0,0
4853,1,0,0
4855,0,0,0
4858,0,0,0
4860,1,0,1
4863,2,-1,0
4865,0,0,0
4868,0,0,0
4870,2,-1,0
4873,0,-1,0
4875,2,-1,0
4878,0,-1,0
4880,0,0,0
4882,2,-1,0
4885,1,-1,1
4887,1,-1,0
4890,0,0,0
4892,0,0,0
4895,0,0,0
4897,1,0,1
4900,0,0,2
4902,1,0,1
4905,0,0,0
4907,1,0,1
4910,0,0,0
4912,0,0,0
4915,0,0,0
4917,0,0,0
4920,1,0,1
4922,1,0,1
4925,0,0,0
4927,0,0,0
4930,2,-1,0
4932,0,-1,0
4935,0,0,0
4937,2,-1,0
4940,2,-1,0
4942,0,0,0
4945,2,-1,0
4947,2,-1,0
4949,0,0,0
4952,0,0,0
4954,0,0,0
4957,0,0,0
4959,0,0,0
4962,1,-1,0
4964,0,0,2
4967,0,-1,0
4969,0,-1,0
4972,1,0,0
4974,0,0,0
4977,2,-1,0
4979,0,0,0
4982,1,-1,1
4984,1,0,0
4987,1,-1,0
4989,2,-1,0
4992,0,-1,0
4994,1,0,0
4997,2,-1,0
4999,1,0,0
5002,1,0,1
5004,0,0,0
5007,1,0,1
5009,1,-1,1
5012,1,0,1
5014,2,-1,0
5017,1,0,0
5019,0,0,0
5021,0,0,0
5024,0,0,0
5026,1,0,0
5029,0,0,2
5031,0,0,0
5034,0,0,0
5036,0,0,0
5039,1,0,0
5041,0,0,0
5044,0,0,0
5046,0,-1,0
5049,2,-1,0
5051,0,0,0
5054,2,-1,0
5056,2,-1,0
5059,0,0,0
5061,0,0,0
5064,0,0,0
5066,2,-1,0
5069,0,0,0
5071,1,-1,0
5074,2,-1,0
5076,2,0,0
5079,2,-1,0
5081,1,0,0
5084,2,-1,0
5086,2,-1,0
5088,0,0,0
5091,0,0,0
5093,1,-1,1
5096,1,0,0
5098,2,-1,0
5101,2,-1,0
5103,1,0,0
5106,1,0,1
5108,1,-1,1
5111,0,0,0
5113,0,0,0
5116,0,0,0
5118,0,0,0
5121,0,0,0
5123,0,0,0
5126,0,0,2
5128,0,0,0
5131,2,0,0
5133,0,0,0
5136,0,0,0
5138,1,0,0
5141,0,0,2
5143,0,-1,0
5146,0,0,2
5148,0,0,0
5151,0,0,0
5153,1,-1,1
5156,1,-1,0
5158,2,0,0
5160,1,0,0
5163,1,-1,1
5165,0,0,0
5168,0,0,0
5170,1,0,1
5173,0,0,0
5175,1,0,1
5178,0,-1,0
5180,1,-1,0
5183,0,0,0
5185,2,-1,0
5188,2,-1,0
5190,0,0,0
5193,1,0,0
5195,1,0,0
5198,2,-1,0
5200,0,0,0
5203,1,0,1
5205,2,-1,0
5208,0,0,2
5210,0,0,2
5213,2,-1,0
5215,1,0,0
5218,2,0,0
5220,0,0,0
5223,2,-1,0
5225,0,0,0
5227,2,-1,0
5230,2,-1,0
5232,2,-1,0
5235,1,0,1
5237,1,0,1
5240,0,0,0
5242,0,0,0
5245,1,-1,1
5247,1,0,0
5250,2,-1,0
5252,2,-1,0
5255,2,0,0
5257,2,-1,0
5260,2,-1,0
5262,2,-1,0
5265,2,-1,0
5267,0,0,0
5270,2,-1,0
5272,0,0,0
5275,1,-1,0
5277,2,-1,0
5280,1,0,0
5282,1,0,0
5285,0,0,0
5287,1,-1,0
5290,2,-1,0
5292,1,0,0
5295,2,-1,0
5297,1,0,1
5299,2,-1,0
5302,2,-1,0
5304,2,-1,0
5307,0,0,0
5309,0,0,0
5312,1,-1,0
5314,2,-1,1
5317,2,0,0
5319,2,-1,0
5322,2,-1,0
5324,2,-1,0
5327,0,0,0
5329,0,0,0
5332,1,0,1
5334,0,0,2
5337,1,0,0
5339,2,-1,0
5342,0,0,0
5344,1,0,0
5347,0,0,0
5349,0,0,0
5352,2,-1,0
5354,0,0,0
5357,1,0,0
5359,0,0,0
5362,1,0,0
5364,1,0,0
5367,2,-1,0
5369,1,-1,0
5371,2,-1,0
5374,0,0,0
5376,0,0,0
5379,0,0,0
5381,1,0,0
5384,1,0,0
5386,0,-1,0
5389,1,0,0
5391,1,0,0
5394,2,-1,0
5396,0,-1,0
5399,1,0,1
5401,2,-1,0
5404,1,0,1
5406,2,-1,0
5409,0,0,2
5411,2,-1,0
5414,0,0,0
5416,2,-1,0
5419,2,-1,0
5421,2,-1,0
5424,0,0,0
5426,2,0,0
5429,2,-1,0
5431,0,0,0
5434,1,-1,1
5436,2,-1,0
5438,0,0,0
5441,1,0,0
5443,2,0,0
5446,1,0,0
5448,0,0,0
5451,2,-1,0
5453,2,-1,0
5456,0,0,0
5458,0,0,0
5461,0,0,0
5463,2,0,0
5466,0,0,0
5468,0,0,0
5471,0,0,2
5473,0,0,0
5476,1,0,0
5478,0,0,0
5481,1,0,1
5483,0,0,0
5486,0,0,0
5488,0,0,0
5491,0,0,0
5493,1,0,1
5496,0,0,0
5498,2,-1,0
5501,2,-1,0
5503,2,-1,0
5506,0,0,0
5508,0,0,0
5510,1,0,0
5513,2,-1,0
5515,2,-1,0
5518,1,-1,0
5520,1,0,0
5523,1,-1,1
5525,0,0,0
5528,0,0,2
5530,0,0,0
5533,0,0,0
5535,1,-1,1
5538,1,0,0
5540,0,0,2
5543,0,0,0
5545,0,0,0
5548,0,0,0
5550,0,0,2
5553,0,0,0
5555,1,0,0
5558,1,0,1
5560,1,0,0
5563,1,0,0
5565,1,-1,0
5568,0,0,0
5570,1,0,1
5573,0,0,0
5575,0,0,0
5577,0,0,0
5580,0,0,0
5582,0,0,0
5585,0,0,0
5587,1,0,1
5590,1,0,0
5592,1,0,0
5595,2,-1,0
5597,0,0,0
5600,0,0,0
5602,0,0,0
5605,0,0,0
5607,0,0,0
5610,0,0,0
5612,0,0,0
5615,0,0,0
5617,0,0,0
5620,0,0,2
5622,1,0,0
5625,0,0,0
5627,0,0,0
5630,0,0,0
5632,0,0,2
5635,0,0,0
5637,1,0,1
5640,0,0,0
5642,0,0,0
5645,0,0,0
5647,0,0,0
5649,0,-1,0
5652,0,0,2
5654,0,0,0
5657,1,0,0
5659,1,0,0
5662,0,0,0
5664,0,0,0
5667,1,-1,1
5669,1,0,1
5672,0,0,2
5674,0,0,2
5677,1,0,0
5679,1,0,1
5682,0,0,2
5684,0,0,0
5687,0,0,0
5689,0,0,2
5692,0,0,0
5694,1,0,0
5697,0,0,0
5699,1,0,1
5702,0,0,0
5704,2,-1,0
5707,0,0,0
5709,1,-1,1
5712,1,-1,1
5714,0,0,0
5716,0,0,0
5719,0,0,0
5721,0,0,0
5724,0,0,2
5726,2,-1,0
5729,0,0,0
5731,0,0,0
5734,0,0,0
5736,0,0,0
5739,0,0,0
5741,1,0,0
5744,1,0,0
5746,1,0,0
5749,0,0,0
5751,0,0,0
5754,0,-1,0
5756,1,0,0
5759,1,0,1
5761,0,0,0
5764,1,-1,0
5766,0,0,0
5769,0,0,2
5771,0,0,0
5774,0,0,0
5776,0,0,0
5779,0,0,0
5781,0,0,0
5784,0,0,0
5786,0,0,0
5788,2,-1,0
5791,1,0,0
5793,1,0,0
5796,1,0,0
5798,0,-1,0
5801,0,0,0
5803,2,0,0
5806,2,-1,0
5808,0,0,0
5811,2,-1,0
5813,0,-1,0
5816,2,-1,0
5818,0,0,0
5821,0,0,2
5823,0,0,0
5826,0,0,0
5828,0,0,0
5831,0,0,0
5833,1,0,0
5836,1,0,1
5838,2,-1,0
5841,1,0,0
5843,2,-1,0
5846,1,-1,1
5848,1,0,1
5851,1,0,0
5853,2,-1,0
5855,2,-1,0
5858,2,-1,0
5860,0,0,0
5863,1,0,0
5865,0,0,0
5868,2,-1,0
5870,2,0,0
5873,2,-1,0
5875,0,0,0
5878,1,0,1
5880,0,0,0
5883,2,-1,0
5885,2,-1,0
5888,2,-1,0
5890,2,-1,0
5893,1,-1,1
5895,0,0,0
5898,0,0,0
5900,0,0,0
5903,1,0,0
5905,0,0,0
5908,1,-1,1
5910,1,0,0
5913,0,0,2
5915,0,0,0
5918,0,0,2
5920,0,0,0
5923,0,0,0
5925,0,0,0
5927,0,0,0
5930,1,0,0
5932,2,-1,0
5935,0,0,0
5937,1,-1,1
5940,2,-1,0
5942,0,0,0
5945,1,0,0
5947,1,0,0
5950,2,-1,0
5952,0,0,0
5955,0,0,0
5957,2,-1,0
5960,0,0,0
5962,0,0,0
5965,0,0,0
5967,2,-1,0
5970,0,0,0
5972,1,0,0
5975,0,0,0
5977,0,0,0
5980,0,0,0
5982,2,-1,0
5985,2,-1,0
5987,2,-1,0
5990,0,0,0
5992,0,0,0
5994,1,-1,1
5997,0,0,0
5999,1,-1,1
6002,1,0,0
6004,1,0,0
6007,0,0,0
6009,1,-1,0
6012,0,0,0
6014,0,0,0
6017,1,-1,1
6019,1,0,0
6022,0,0,0
6024,1,-1,0
6027,0,0,0
6029,0,0,0
6032,2,-1,0
6034,0,0,0
6037,0,-1,0
6039,0,0,0
6042,0,0,0
6044,1,-1,1
6047,0,0,0
6049,0,0,0
6052,0,0,0
6054,1,0,0
6057,0,0,2
6059,0,0,0
6062,0,0,0
6064,1,0,0
6066,0,0,0
6069,0,0,0
6071,2,-1,0
6074,1,-1,0
6076,0,-1,0
6079,0,0,0
6081,1,-1,0
6084,0,-1,0
6086,0,-1,0
6089,1,0,0
6091,2,-1,0
6094,2,-1,0
6096,0,-1,0
6099,0,0,2
6101,0,-1,0
6104,0,0,2
6106,1,-1,1
6109,0,0,0
6111,0,0,0
6114,0,0,0
6116,0,0,0
6119,2,-1,0
6121,0,0,0
6124,1,0,0
6126,0,0,0
6129,0,0,0
6131,0,0,0
6133,0,0,0
6136,0,-1,0
6138,0,0,0
6141,0,-1,0
6143,0,0,0
6146,0,0,0
6148,0,0,2
6151,0,0,0
6153,0,0,0
6156,0,0,0
6158,0,0,0
6161,0,0,0
6163,2,-1,0
6166,0,0,2
6168,1,0,0
6171,0,0,0
6173,1,-1,0
6176,0,-1,0
6178,0,0,0
6181,2,-1,0
6183,0,0,0
6186,0,0,0
6188,0,0,0
6191,1,0,1
6193,0,0,0
6196,0,0,0
6198,0,0,2
6201,0,0,2
6203,0,0,0
